Depth ice/snow [m],Age model [ka]
0.0,-0.05
0.55,-0.044
1.1,-0.037
1.65,-0.032
2.2,-0.025
2.75,-0.018
3.3,-0.011
3.85,-0.003
4.4,0.005
4.95,0.014
5.5,0.022
6.05,0.031
6.6,0.038
7.15,0.047
7.7,0.055
8.25,0.064
8.8,0.073
9.35,0.082
9.9,0.091
10.45,0.1
11.0,0.11
11.55,0.119
12.1,0.129
12.65,0.14
13.2,0.15
13.75,0.161
14.3,0.171
14.85,0.181
15.4,0.191
15.95,0.202
16.5,0.212
17.05,0.223
17.6,0.234
18.15,0.245
18.7,0.255
19.25,0.267
19.8,0.278
20.35,0.289
20.9,0.301
21.45,0.312
22.0,0.324
22.55,0.336
23.1,0.347
23.65,0.359
24.2,0.371
24.75,0.383
25.3,0.395
25.85,0.407
26.4,0.419
26.95,0.43
27.5,0.442
28.05,0.454
28.6,0.466
29.15,0.478
29.7,0.49
30.25,0.503
30.8,0.516
31.35,0.529
31.9,0.542
32.45,0.555
33.0,0.568
33.55,0.581
34.1,0.594
34.65,0.606
35.2,0.619
35.75,0.632
36.3,0.645
36.85,0.658
37.4,0.672
37.95,0.687
38.5,0.701
39.05,0.715
39.6,0.729
40.15,0.744
40.7,0.759
41.25,0.772
41.8,0.786
42.35,0.799
42.9,0.812
43.45,0.825
44.0,0.837
44.55,0.849
45.1,0.862
45.65,0.875
46.2,0.889
46.75,0.903
47.3,0.917
47.85,0.932
48.4,0.947
48.95,0.961
49.5,0.976
50.05,0.99
50.6,1.005
51.15,1.019
51.7,1.032
52.25,1.047
52.8,1.061
53.35,1.075
53.9,1.089
54.45,1.104
55.0,1.118
55.55,1.133
56.1,1.147
56.65,1.161
57.2,1.174
57.75,1.188
58.3,1.201
58.85,1.215
59.4,1.229
59.95,1.244
60.5,1.258
61.05,1.273
61.6,1.287
62.15,1.302
62.7,1.316
63.25,1.33
63.8,1.345
64.35,1.359
64.9,1.373
65.45,1.387
66.0,1.401
66.55,1.416
67.1,1.432
67.65,1.448
68.2,1.463
68.75,1.479
69.3,1.494
69.85,1.51
70.4,1.525
70.95,1.541
71.5,1.556
72.05,1.572
72.6,1.588
73.15,1.604
73.7,1.621
74.25,1.637
74.8,1.654
75.35,1.67
75.9,1.686
76.45,1.702
77.0,1.72
77.55,1.737
78.1,1.754
78.65,1.771
79.2,1.787
79.75,1.804
80.3,1.822
80.85,1.839
81.4,1.856
81.95,1.873
82.5,1.889
83.05,1.905
83.6,1.922
84.15,1.938
84.7,1.956
85.25,1.973
85.8,1.99
86.35,2.007
86.9,2.025
87.45,2.044
88.0,2.061
88.55,2.078
89.1,2.095
89.65,2.113
90.2,2.13
90.75,2.147
91.3,2.165
91.85,2.184
92.4,2.202
92.95,2.219
93.5,2.237
94.05,2.253
94.6,2.271
95.15,2.289
95.7,2.306
96.25,2.327
96.8,2.347
97.35,2.367
97.9,2.385
98.45,2.405
99.0,2.424
99.55,2.443
100.1,2.463
100.65,2.481
101.2,2.5
101.75,2.518
102.3,2.535
102.85,2.553
103.4,2.571
103.95,2.589
104.5,2.607
105.05,2.625
105.6,2.642
106.15,2.659
106.7,2.678
107.25,2.697
107.8,2.715
108.35,2.733
108.9,2.75
109.45,2.767
110.0,2.784
110.55,2.801
111.1,2.818
111.65,2.835
112.2,2.852
112.75,2.87
113.3,2.888
113.85,2.906
114.4,2.924
114.95,2.943
115.5,2.961
116.05,2.98
116.6,3.0
117.15,3.019
117.7,3.037
118.25,3.056
118.8,3.074
119.35,3.092
119.9,3.11
120.45,3.129
121.0,3.147
121.55,3.165
122.1,3.186
122.65,3.207
123.2,3.227
123.75,3.247
124.3,3.267
124.85,3.287
125.4,3.307
125.95,3.326
126.5,3.346
127.05,3.365
127.6,3.385
128.15,3.405
128.7,3.425
129.25,3.445
129.8,3.465
130.35,3.484
130.9,3.503
131.45,3.522
132.0,3.541
132.55,3.559
133.1,3.578
133.65,3.598
134.2,3.618
134.75,3.636
135.3,3.654
135.85,3.672
136.4,3.691
136.95,3.709
137.5,3.727
138.05,3.746
138.6,3.764
139.15,3.783
139.7,3.802
140.25,3.822
140.8,3.842
141.35,3.861
141.9,3.881
142.45,3.9
143.0,3.92
143.55,3.94
144.1,3.96
144.65,3.98
145.2,3.999
145.75,4.019
146.3,4.038
146.85,4.057
147.4,4.076
147.95,4.095
148.5,4.115
149.05,4.134
149.6,4.154
150.15,4.173
150.7,4.193
151.25,4.212
151.8,4.231
152.35,4.25
152.9,4.269
153.45,4.288
154.0,4.307
154.55,4.326
155.1,4.347
155.65,4.367
156.2,4.387
156.75,4.406
157.3,4.426
157.85,4.445
158.4,4.465
158.95,4.484
159.5,4.503
160.05,4.521
160.6,4.542
161.15,4.562
161.7,4.582
162.25,4.602
162.8,4.622
163.35,4.642
163.9,4.661
164.45,4.681
165.0,4.701
165.55,4.721
166.1,4.741
166.65,4.76
167.2,4.781
167.75,4.801
168.3,4.821
168.85,4.842
169.4,4.863
169.95,4.882
170.5,4.901
171.05,4.92
171.6,4.939
172.15,4.958
172.7,4.978
173.25,4.997
173.8,5.018
174.35,5.037
174.9,5.057
175.45,5.077
176.0,5.097
176.55,5.118
177.1,5.137
177.65,5.156
178.2,5.175
178.75,5.193
179.3,5.212
179.85,5.232
180.4,5.253
180.95,5.273
181.5,5.293
182.05,5.312
182.6,5.332
183.15,5.351
183.7,5.37
184.25,5.389
184.8,5.409
185.35,5.43
185.9,5.453
186.45,5.474
187.0,5.495
187.55,5.516
188.1,5.539
188.65,5.561
189.2,5.58
189.75,5.598
190.3,5.617
190.85,5.637
191.4,5.657
191.95,5.677
192.5,5.697
193.05,5.717
193.6,5.736
194.15,5.756
194.7,5.774
195.25,5.793
195.8,5.811
196.35,5.831
196.9,5.85
197.45,5.868
198.0,5.887
198.55,5.905
199.1,5.926
199.65,5.946
200.2,5.967
200.75,5.989
201.3,6.009
201.85,6.028
202.4,6.047
202.95,6.067
203.5,6.087
204.05,6.107
204.6,6.127
205.15,6.147
205.7,6.166
206.25,6.186
206.8,6.205
207.35,6.225
207.9,6.245
208.45,6.265
209.0,6.286
209.55,6.306
210.1,6.326
210.65,6.346
211.2,6.367
211.75,6.388
212.3,6.409
212.85,6.43
213.4,6.449
213.95,6.468
214.5,6.487
215.05,6.509
215.6,6.531
216.15,6.55
216.7,6.57
217.25,6.59
217.8,6.612
218.35,6.633
218.9,6.654
219.45,6.675
220.0,6.695
220.55,6.715
221.1,6.735
221.65,6.755
222.2,6.775
222.75,6.797
223.3,6.818
223.85,6.838
224.4,6.858
224.95,6.877
225.5,6.895
226.05,6.913
226.6,6.933
227.15,6.953
227.7,6.974
228.25,6.994
228.8,7.013
229.35,7.034
229.9,7.056
230.45,7.076
231.0,7.097
231.55,7.118
232.1,7.139
232.65,7.16
233.2,7.183
233.75,7.206
234.3,7.228
234.85,7.249
235.4,7.27
235.95,7.292
236.5,7.311
237.05,7.33
237.6,7.349
238.15,7.371
238.7,7.392
239.25,7.414
239.8,7.436
240.35,7.457
240.9,7.478
241.45,7.498
242.0,7.519
242.55,7.539
243.1,7.557
243.65,7.576
244.2,7.595
244.75,7.614
245.3,7.633
245.85,7.655
246.4,7.676
246.95,7.695
247.5,7.714
248.05,7.733
248.6,7.753
249.15,7.773
249.7,7.792
250.25,7.812
250.8,7.833
251.35,7.854
251.9,7.874
252.45,7.894
253.0,7.913
253.55,7.933
254.1,7.953
254.65,7.974
255.2,7.995
255.75,8.016
256.3,8.038
256.85,8.06
257.4,8.083
257.95,8.104
258.5,8.124
259.05,8.145
259.6,8.168
260.15,8.191
260.7,8.213
261.25,8.235
261.8,8.256
262.35,8.277
262.9,8.298
263.45,8.319
264.0,8.34
264.55,8.361
265.1,8.383
265.65,8.405
266.2,8.427
266.75,8.448
267.3,8.468
267.85,8.488
268.4,8.508
268.95,8.529
269.5,8.55
270.05,8.57
270.6,8.589
271.15,8.609
271.7,8.629
272.25,8.648
272.8,8.668
273.35,8.688
273.9,8.709
274.45,8.73
275.0,8.75
275.55,8.77
276.1,8.79
276.65,8.811
277.2,8.833
277.75,8.852
278.3,8.872
278.85,8.891
279.4,8.911
279.95,8.931
280.5,8.95
281.05,8.969
281.6,8.988
282.15,9.008
282.7,9.027
283.25,9.047
283.8,9.066
284.35,9.086
284.9,9.105
285.45,9.126
286.0,9.147
286.55,9.168
287.1,9.187
287.65,9.207
288.2,9.224
288.75,9.242
289.3,9.262
289.85,9.281
290.4,9.301
290.95,9.319
291.5,9.338
292.05,9.357
292.6,9.376
293.15,9.394
293.7,9.412
294.25,9.43
294.8,9.447
295.35,9.464
295.9,9.484
296.45,9.504
297.0,9.523
297.55,9.542
298.1,9.561
298.65,9.578
299.2,9.596
299.75,9.614
300.3,9.633
300.85,9.652
301.4,9.669
301.95,9.686
302.5,9.704
303.05,9.721
303.6,9.738
304.15,9.755
304.7,9.772
305.25,9.789
305.8,9.809
306.35,9.828
306.9,9.847
307.45,9.866
308.0,9.884
308.55,9.902
309.1,9.92
309.65,9.939
310.2,9.957
310.75,9.976
311.3,9.994
311.85,10.012
312.4,10.029
312.95,10.047
313.5,10.065
314.05,10.083
314.6,10.101
315.15,10.117
315.7,10.134
316.25,10.151
316.8,10.169
317.35,10.187
317.9,10.205
318.45,10.222
319.0,10.241
319.55,10.259
320.1,10.278
320.65,10.295
321.2,10.313
321.75,10.331
322.3,10.35
322.85,10.369
323.4,10.388
323.95,10.407
324.5,10.426
325.05,10.445
325.6,10.462
326.15,10.479
326.7,10.495
327.25,10.511
327.8,10.527
328.35,10.543
328.9,10.562
329.45,10.58
330.0,10.599
330.55,10.618
331.1,10.637
331.65,10.655
332.2,10.673
332.75,10.691
333.3,10.708
333.85,10.727
334.4,10.746
334.95,10.766
335.5,10.784
336.05,10.803
336.6,10.821
337.15,10.838
337.7,10.856
338.25,10.875
338.8,10.895
339.35,10.913
339.9,10.931
340.45,10.949
341.0,10.969
341.55,10.989
342.1,11.006
342.65,11.024
343.2,11.042
343.75,11.06
344.3,11.079
344.85,11.098
345.4,11.117
345.95,11.136
346.5,11.157
347.05,11.175
347.6,11.192
348.15,11.209
348.7,11.228
349.25,11.246
349.8,11.265
350.35,11.283
350.9,11.302
351.45,11.319
352.0,11.336
352.55,11.354
353.1,11.373
353.65,11.392
354.2,11.411
354.75,11.43
355.3,11.448
355.85,11.465
356.4,11.482
356.95,11.499
357.5,11.516
358.05,11.535
358.6,11.554
359.15,11.573
359.7,11.593
360.25,11.612
360.8,11.631
361.35,11.649
361.9,11.667
362.45,11.686
363.0,11.704
363.55,11.723
364.1,11.742
364.65,11.76
365.2,11.779
365.75,11.798
366.3,11.82
366.85,11.841
367.4,11.863
367.95,11.884
368.5,11.905
369.05,11.927
369.6,11.949
370.15,11.972
370.7,11.993
371.25,12.014
371.8,12.037
372.35,12.059
372.9,12.082
373.45,12.106
374.0,12.131
374.55,12.156
375.1,12.181
375.65,12.205
376.2,12.227
376.75,12.25
377.3,12.273
377.85,12.297
378.4,12.324
378.95,12.35
379.5,12.376
380.05,12.402
380.6,12.427
381.15,12.452
381.7,12.477
382.25,12.503
382.8,12.53
383.35,12.559
383.9,12.588
384.45,12.617
385.0,12.646
385.55,12.673
386.1,12.7
386.65,12.727
387.2,12.754
387.75,12.784
388.3,12.813
388.85,12.841
389.4,12.867
389.95,12.894
390.5,12.922
391.05,12.95
391.6,12.978
392.15,13.005
392.7,13.032
393.25,13.059
393.8,13.087
394.35,13.115
394.9,13.143
395.45,13.17
396.0,13.196
396.55,13.222
397.1,13.249
397.65,13.275
398.2,13.3
398.75,13.327
399.3,13.354
399.85,13.383
400.4,13.412
400.95,13.44
401.5,13.468
402.05,13.495
402.6,13.52
403.15,13.546
403.7,13.572
404.25,13.6
404.8,13.629
405.35,13.658
405.9,13.687
406.45,13.715
407.0,13.742
407.55,13.77
408.1,13.796
408.65,13.822
409.2,13.848
409.75,13.875
410.3,13.903
410.85,13.93
411.4,13.956
411.95,13.979
412.5,14.002
413.05,14.028
413.6,14.053
414.15,14.08
414.7,14.106
415.25,14.131
415.8,14.156
416.35,14.18
416.9,14.205
417.45,14.23
418.0,14.252
418.55,14.273
419.1,14.295
419.65,14.318
420.2,14.341
420.75,14.364
421.3,14.39
421.85,14.417
422.4,14.442
422.95,14.467
423.5,14.493
424.05,14.52
424.6,14.547
425.15,14.574
425.7,14.601
426.25,14.631
426.8,14.66
427.35,14.688
427.9,14.716
428.45,14.744
429.0,14.77
429.55,14.796
430.1,14.823
430.65,14.85
431.2,14.876
431.75,14.904
432.3,14.933
432.85,14.959
433.4,14.984
433.95,15.014
434.5,15.042
435.05,15.07
435.6,15.097
436.15,15.125
436.7,15.153
437.25,15.182
437.8,15.211
438.35,15.242
438.9,15.273
439.45,15.304
440.0,15.335
440.55,15.366
441.1,15.397
441.65,15.427
442.2,15.457
442.75,15.487
443.3,15.518
443.85,15.549
444.4,15.581
444.95,15.612
445.5,15.642
446.05,15.672
446.6,15.703
447.15,15.734
447.7,15.765
448.25,15.797
448.8,15.83
449.35,15.862
449.9,15.894
450.45,15.927
451.0,15.96
451.55,15.994
452.1,16.029
452.65,16.063
453.2,16.096
453.75,16.129
454.3,16.162
454.85,16.196
455.4,16.231
455.95,16.266
456.5,16.299
457.05,16.334
457.6,16.369
458.15,16.404
458.7,16.44
459.25,16.478
459.8,16.516
460.35,16.553
460.9,16.589
461.45,16.626
462.0,16.665
462.55,16.705
463.1,16.744
463.65,16.784
464.2,16.825
464.75,16.867
465.3,16.907
465.85,16.947
466.4,16.986
466.95,17.025
467.5,17.066
468.05,17.105
468.6,17.148
469.15,17.19
469.7,17.233
470.25,17.275
470.8,17.318
471.35,17.361
471.9,17.407
472.45,17.453
473.0,17.499
473.55,17.545
474.1,17.586
474.65,17.63
475.2,17.676
475.75,17.72
476.3,17.764
476.85,17.81
477.4,17.857
477.95,17.903
478.5,17.949
479.05,17.993
479.6,18.037
480.15,18.082
480.7,18.128
481.25,18.174
481.8,18.219
482.35,18.266
482.9,18.312
483.45,18.361
484.0,18.405
484.55,18.449
485.1,18.493
485.65,18.54
486.2,18.586
486.75,18.632
487.3,18.678
487.85,18.723
488.4,18.769
488.95,18.815
489.5,18.862
490.05,18.908
490.6,18.953
491.15,19.001
491.7,19.049
492.25,19.093
492.8,19.139
493.35,19.185
493.9,19.226
494.45,19.272
495.0,19.317
495.55,19.365
496.1,19.411
496.65,19.458
497.2,19.506
497.75,19.555
498.3,19.603
498.85,19.652
499.4,19.7
499.95,19.746
500.5,19.79
501.05,19.834
501.6,19.881
502.15,19.931
502.7,19.979
503.25,20.026
503.8,20.072
504.35,20.118
504.9,20.163
505.45,20.21
506.0,20.257
506.55,20.304
507.1,20.352
507.65,20.401
508.2,20.45
508.75,20.496
509.3,20.541
509.85,20.587
510.4,20.635
510.95,20.683
511.5,20.731
512.05,20.776
512.6,20.823
513.15,20.87
513.7,20.918
514.25,20.965
514.8,21.015
515.35,21.062
515.9,21.109
516.45,21.155
517.0,21.201
517.55,21.25
518.1,21.3
518.65,21.346
519.2,21.39
519.75,21.435
520.3,21.482
520.85,21.531
521.4,21.578
521.95,21.626
522.5,21.676
523.05,21.724
523.6,21.77
524.15,21.815
524.7,21.859
525.25,21.907
525.8,21.953
526.35,22.002
526.9,22.05
527.45,22.099
528.0,22.15
528.55,22.199
529.1,22.244
529.65,22.295
530.2,22.345
530.75,22.389
531.3,22.436
531.85,22.483
532.4,22.529
532.95,22.577
533.5,22.626
534.05,22.674
534.6,22.723
535.15,22.772
535.7,22.821
536.25,22.869
536.8,22.918
537.35,22.967
537.9,23.014
538.45,23.059
539.0,23.104
539.55,23.149
540.1,23.195
540.65,23.242
541.2,23.289
541.75,23.34
542.3,23.388
542.85,23.435
543.4,23.483
543.95,23.529
544.5,23.575
545.05,23.622
545.6,23.668
546.15,23.715
546.7,23.763
547.25,23.812
547.8,23.864
548.35,23.916
548.9,23.965
549.45,24.015
550.0,24.069
550.55,24.119
551.1,24.168
551.65,24.216
552.2,24.263
552.75,24.314
553.3,24.363
553.85,24.415
554.4,24.467
554.95,24.511
555.5,24.558
556.05,24.609
556.6,24.662
557.15,24.714
557.7,24.766
558.25,24.818
558.8,24.868
559.35,24.919
559.9,24.969
560.45,25.02
561.0,25.072
561.55,25.123
562.1,25.173
562.65,25.223
563.2,25.276
563.75,25.33
564.3,25.384
564.85,25.435
565.4,25.487
565.95,25.538
566.5,25.589
567.05,25.64
567.6,25.69
568.15,25.743
568.7,25.795
569.25,25.847
569.8,25.9
570.35,25.95
570.9,26.0
571.45,26.053
572.0,26.103
572.55,26.154
573.1,26.207
573.65,26.257
574.2,26.311
574.75,26.364
575.3,26.413
575.85,26.465
576.4,26.516
576.95,26.567
577.5,26.62
578.05,26.674
578.6,26.727
579.15,26.777
579.7,26.828
580.25,26.88
580.8,26.933
581.35,26.985
581.9,27.037
582.45,27.09
583.0,27.142
583.55,27.192
584.1,27.24
584.65,27.287
585.2,27.333
585.75,27.377
586.3,27.425
586.85,27.475
587.4,27.523
587.95,27.578
588.5,27.628
589.05,27.673
589.6,27.717
590.15,27.765
590.7,27.814
591.25,27.864
591.8,27.912
592.35,27.961
592.9,28.014
593.45,28.068
594.0,28.119
594.55,28.17
595.1,28.224
595.65,28.275
596.2,28.324
596.75,28.373
597.3,28.419
597.85,28.465
598.4,28.512
598.95,28.56
599.5,28.608
600.05,28.658
600.6,28.709
601.15,28.759
601.7,28.809
602.25,28.859
602.8,28.908
603.35,28.956
603.9,29.004
604.45,29.052
605.0,29.099
605.55,29.145
606.1,29.192
606.65,29.236
607.2,29.283
607.75,29.328
608.3,29.375
608.85,29.425
609.4,29.474
609.95,29.523
610.5,29.57
611.05,29.618
611.6,29.665
612.15,29.711
612.7,29.758
613.25,29.808
613.8,29.862
614.35,29.915
614.9,29.967
615.45,30.02
616.0,30.071
616.55,30.124
617.1,30.177
617.65,30.227
618.2,30.277
618.75,30.33
619.3,30.38
619.85,30.431
620.4,30.483
620.95,30.534
621.5,30.586
622.05,30.637
622.6,30.687
623.15,30.738
623.7,30.788
624.25,30.837
624.8,30.884
625.35,30.933
625.9,30.983
626.45,31.032
627.0,31.085
627.55,31.141
628.1,31.194
628.65,31.247
629.2,31.303
629.75,31.356
630.3,31.408
630.85,31.459
631.4,31.511
631.95,31.564
632.5,31.618
633.05,31.673
633.6,31.725
634.15,31.773
634.7,31.821
635.25,31.871
635.8,31.919
636.35,31.965
636.9,32.012
637.45,32.055
638.0,32.104
638.55,32.154
639.1,32.203
639.65,32.253
640.2,32.302
640.75,32.35
641.3,32.399
641.85,32.448
642.4,32.496
642.95,32.545
643.5,32.598
644.05,32.652
644.6,32.707
645.15,32.761
645.7,32.816
646.25,32.869
646.8,32.921
647.35,32.973
647.9,33.024
648.45,33.073
649.0,33.121
649.55,33.168
650.1,33.215
650.65,33.262
651.2,33.309
651.75,33.355
652.3,33.404
652.85,33.453
653.4,33.502
653.95,33.551
654.5,33.599
655.05,33.648
655.6,33.699
656.15,33.75
656.7,33.801
657.25,33.856
657.8,33.911
658.35,33.966
658.9,34.021
659.45,34.077
660.0,34.13
660.55,34.181
661.1,34.234
661.65,34.287
662.2,34.342
662.75,34.395
663.3,34.445
663.85,34.494
664.4,34.545
664.95,34.591
665.5,34.64
666.05,34.688
666.6,34.736
667.15,34.785
667.7,34.832
668.25,34.879
668.8,34.928
669.35,34.977
669.9,35.024
670.45,35.069
671.0,35.117
671.55,35.167
672.1,35.214
672.65,35.26
673.2,35.307
673.75,35.356
674.3,35.406
674.85,35.454
675.4,35.501
675.95,35.551
676.5,35.602
677.05,35.65
677.6,35.698
678.15,35.746
678.7,35.798
679.25,35.848
679.8,35.903
680.35,35.952
680.9,36.001
681.45,36.051
682.0,36.101
682.55,36.154
683.1,36.206
683.65,36.258
684.2,36.308
684.75,36.357
685.3,36.406
685.85,36.456
686.4,36.506
686.95,36.555
687.5,36.604
688.05,36.655
688.6,36.705
689.15,36.755
689.7,36.807
690.25,36.859
690.8,36.911
691.35,36.961
691.9,37.007
692.45,37.051
693.0,37.1
693.55,37.149
694.1,37.198
694.65,37.244
695.2,37.29
695.75,37.337
696.3,37.384
696.85,37.431
697.4,37.48
697.95,37.525
698.5,37.571
699.05,37.613
699.6,37.656
700.15,37.697
700.7,37.737
701.25,37.779
701.8,37.819
702.35,37.858
702.9,37.899
703.45,37.945
704.0,37.992
704.55,38.039
705.1,38.082
705.65,38.124
706.2,38.169
706.75,38.215
707.3,38.263
707.85,38.306
708.4,38.351
708.95,38.395
709.5,38.439
710.05,38.484
710.6,38.529
711.15,38.572
711.7,38.616
712.25,38.66
712.8,38.704
713.35,38.751
713.9,38.798
714.45,38.842
715.0,38.886
715.55,38.931
716.1,38.976
716.65,39.023
717.2,39.069
717.75,39.111
718.3,39.161
718.85,39.211
719.4,39.261
719.95,39.312
720.5,39.362
721.05,39.413
721.6,39.463
722.15,39.515
722.7,39.569
723.25,39.625
723.8,39.68
724.35,39.732
724.9,39.787
725.45,39.838
726.0,39.89
726.55,39.94
727.1,39.99
727.65,40.039
728.2,40.089
728.75,40.138
729.3,40.188
729.85,40.241
730.4,40.293
730.95,40.345
731.5,40.394
732.05,40.441
732.6,40.49
733.15,40.543
733.7,40.597
734.25,40.651
734.8,40.705
735.35,40.759
735.9,40.812
736.45,40.865
737.0,40.92
737.55,40.972
738.1,41.023
738.65,41.073
739.2,41.123
739.75,41.174
740.3,41.223
740.85,41.269
741.4,41.317
741.95,41.366
742.5,41.416
743.05,41.469
743.6,41.516
744.15,41.569
744.7,41.62
745.25,41.674
745.8,41.725
746.35,41.777
746.9,41.832
747.45,41.885
748.0,41.94
748.55,41.995
749.1,42.05
749.65,42.106
750.2,42.161
750.75,42.215
751.3,42.268
751.85,42.319
752.4,42.371
752.95,42.423
753.5,42.473
754.05,42.522
754.6,42.573
755.15,42.625
755.7,42.674
756.25,42.726
756.8,42.777
757.35,42.827
757.9,42.876
758.45,42.922
759.0,42.969
759.55,43.017
760.1,43.064
760.65,43.11
761.2,43.157
761.75,43.205
762.3,43.252
762.85,43.303
763.4,43.354
763.95,43.4
764.5,43.447
765.05,43.495
765.6,43.546
766.15,43.597
766.7,43.647
767.25,43.696
767.8,43.746
768.35,43.796
768.9,43.849
769.45,43.902
770.0,43.954
770.55,44.005
771.1,44.058
771.65,44.112
772.2,44.166
772.75,44.221
773.3,44.276
773.85,44.33
774.4,44.382
774.95,44.431
775.5,44.482
776.05,44.535
776.6,44.588
777.15,44.641
777.7,44.692
778.25,44.743
778.8,44.794
779.35,44.845
779.9,44.896
780.45,44.946
781.0,44.996
781.55,45.046
782.1,45.095
782.65,45.143
783.2,45.189
783.75,45.237
784.3,45.284
784.85,45.331
785.4,45.377
785.95,45.424
786.5,45.47
787.05,45.517
787.6,45.562
788.15,45.606
788.7,45.652
789.25,45.697
789.8,45.742
790.35,45.785
790.9,45.827
791.45,45.87
792.0,45.912
792.55,45.951
793.1,45.992
793.65,46.036
794.2,46.08
794.75,46.124
795.3,46.165
795.85,46.21
796.4,46.254
796.95,46.298
797.5,46.341
798.05,46.384
798.6,46.427
799.15,46.466
799.7,46.504
800.25,46.542
800.8,46.583
801.35,46.624
801.9,46.666
802.45,46.707
803.0,46.748
803.55,46.794
804.1,46.84
804.65,46.885
805.2,46.93
805.75,46.975
806.3,47.02
806.85,47.065
807.4,47.111
807.95,47.158
808.5,47.203
809.05,47.246
809.6,47.289
810.15,47.334
810.7,47.38
811.25,47.428
811.8,47.474
812.35,47.522
812.9,47.569
813.45,47.616
814.0,47.664
814.55,47.71
815.1,47.755
815.65,47.803
816.2,47.852
816.75,47.9
817.3,47.95
817.85,48.005
818.4,48.058
818.95,48.111
819.5,48.165
820.05,48.217
820.6,48.268
821.15,48.318
821.7,48.367
822.25,48.414
822.8,48.461
823.35,48.51
823.9,48.558
824.45,48.613
825.0,48.664
825.55,48.712
826.1,48.766
826.65,48.819
827.2,48.867
827.75,48.915
828.3,48.962
828.85,49.012
829.4,49.063
829.95,49.115
830.5,49.167
831.05,49.218
831.6,49.269
832.15,49.322
832.7,49.375
833.25,49.426
833.8,49.477
834.35,49.526
834.9,49.575
835.45,49.624
836.0,49.673
836.55,49.721
837.1,49.77
837.65,49.82
838.2,49.869
838.75,49.918
839.3,49.97
839.85,50.022
840.4,50.071
840.95,50.118
841.5,50.166
842.05,50.212
842.6,50.261
843.15,50.311
843.7,50.362
844.25,50.411
844.8,50.458
845.35,50.503
845.9,50.551
846.45,50.602
847.0,50.652
847.55,50.701
848.1,50.749
848.65,50.798
849.2,50.846
849.75,50.896
850.3,50.945
850.85,50.993
851.4,51.041
851.95,51.092
852.5,51.143
853.05,51.193
853.6,51.242
854.15,51.291
854.7,51.339
855.25,51.387
855.8,51.436
856.35,51.483
856.9,51.528
857.45,51.575
858.0,51.622
858.55,51.671
859.1,51.719
859.65,51.765
860.2,51.811
860.75,51.854
861.3,51.901
861.85,51.947
862.4,51.99
862.95,52.032
863.5,52.075
864.05,52.117
864.6,52.163
865.15,52.212
865.7,52.258
866.25,52.305
866.8,52.352
867.35,52.398
867.9,52.443
868.45,52.488
869.0,52.535
869.55,52.58
870.1,52.625
870.65,52.668
871.2,52.713
871.75,52.757
872.3,52.799
872.85,52.843
873.4,52.888
873.95,52.935
874.5,52.982
875.05,53.026
875.6,53.067
876.15,53.11
876.7,53.153
877.25,53.195
877.8,53.237
878.35,53.278
878.9,53.318
879.45,53.359
880.0,53.399
880.55,53.44
881.1,53.482
881.65,53.526
882.2,53.571
882.75,53.617
883.3,53.666
883.85,53.714
884.4,53.761
884.95,53.804
885.5,53.848
886.05,53.893
886.6,53.938
887.15,53.984
887.7,54.031
888.25,54.078
888.8,54.125
889.35,54.169
889.9,54.213
890.45,54.256
891.0,54.301
891.55,54.347
892.1,54.396
892.65,54.445
893.2,54.495
893.75,54.544
894.3,54.594
894.85,54.645
895.4,54.697
895.95,54.748
896.5,54.797
897.05,54.843
897.6,54.89
898.15,54.937
898.7,54.982
899.25,55.027
899.8,55.074
900.35,55.122
900.9,55.168
901.45,55.216
902.0,55.264
902.55,55.31
903.1,55.358
903.65,55.409
904.2,55.458
904.75,55.505
905.3,55.554
905.85,55.603
906.4,55.654
906.95,55.707
907.5,55.761
908.05,55.813
908.6,55.864
909.15,55.918
909.7,55.971
910.25,56.023
910.8,56.076
911.35,56.128
911.9,56.178
912.45,56.226
913.0,56.275
913.55,56.326
914.1,56.376
914.65,56.424
915.2,56.474
915.75,56.523
916.3,56.571
916.85,56.618
917.4,56.669
917.95,56.716
918.5,56.766
919.05,56.812
919.6,56.858
920.15,56.903
920.7,56.948
921.25,56.994
921.8,57.041
922.35,57.086
922.9,57.13
923.45,57.172
924.0,57.216
924.55,57.258
925.1,57.3
925.65,57.346
926.2,57.395
926.75,57.443
927.3,57.488
927.85,57.532
928.4,57.578
928.95,57.625
929.5,57.669
930.05,57.713
930.6,57.76
931.15,57.809
931.7,57.857
932.25,57.904
932.8,57.949
933.35,57.994
933.9,58.039
934.45,58.081
935.0,58.127
935.55,58.17
936.1,58.212
936.65,58.254
937.2,58.297
937.75,58.338
938.3,58.379
938.85,58.422
939.4,58.467
939.95,58.511
940.5,58.552
941.05,58.592
941.6,58.633
942.15,58.676
942.7,58.718
943.25,58.76
943.8,58.803
944.35,58.847
944.9,58.892
945.45,58.936
946.0,58.98
946.55,59.024
947.1,59.067
947.65,59.11
948.2,59.153
948.75,59.201
949.3,59.242
949.85,59.286
950.4,59.333
950.95,59.381
951.5,59.426
952.05,59.469
952.6,59.514
953.15,59.56
953.7,59.606
954.25,59.65
954.8,59.7
955.35,59.747
955.9,59.791
956.45,59.835
957.0,59.879
957.55,59.924
958.1,59.972
958.65,60.02
959.2,60.068
959.75,60.116
960.3,60.166
960.85,60.216
961.4,60.265
961.95,60.313
962.5,60.364
963.05,60.414
963.6,60.46
964.15,60.51
964.7,60.558
965.25,60.603
965.8,60.649
966.35,60.697
966.9,60.747
967.45,60.797
968.0,60.847
968.55,60.896
969.1,60.944
969.65,60.994
970.2,61.045
970.75,61.094
971.3,61.142
971.85,61.192
972.4,61.242
972.95,61.292
973.5,61.343
974.05,61.394
974.6,61.447
975.15,61.499
975.7,61.55
976.25,61.601
976.8,61.654
977.35,61.706
977.9,61.757
978.45,61.809
979.0,61.863
979.55,61.919
980.1,61.974
980.65,62.033
981.2,62.089
981.75,62.144
982.3,62.198
982.85,62.254
983.4,62.312
983.95,62.371
984.5,62.428
985.05,62.48
985.6,62.539
986.15,62.598
986.7,62.657
987.25,62.715
987.8,62.771
988.35,62.832
988.9,62.894
989.45,62.953
990.0,63.012
990.55,63.079
991.1,63.141
991.65,63.203
992.2,63.265
992.75,63.326
993.3,63.388
993.85,63.448
994.4,63.508
994.95,63.564
995.5,63.615
996.05,63.666
996.6,63.72
997.15,63.771
997.7,63.829
998.25,63.884
998.8,63.938
999.35,63.989
999.9,64.042
1000.45,64.1
1001.0,64.16
1001.55,64.218
1002.1,64.278
1002.65,64.34
1003.2,64.399
1003.75,64.457
1004.3,64.516
1004.85,64.577
1005.4,64.635
1005.95,64.697
1006.5,64.756
1007.05,64.817
1007.6,64.879
1008.15,64.939
1008.7,64.998
1009.25,65.054
1009.8,65.111
1010.35,65.173
1010.9,65.232
1011.45,65.293
1012.0,65.353
1012.55,65.415
1013.1,65.479
1013.65,65.539
1014.2,65.603
1014.75,65.663
1015.3,65.724
1015.85,65.788
1016.4,65.852
1016.95,65.914
1017.5,65.977
1018.05,66.042
1018.6,66.106
1019.15,66.17
1019.7,66.236
1020.25,66.299
1020.8,66.362
1021.35,66.423
1021.9,66.485
1022.45,66.541
1023.0,66.606
1023.55,66.667
1024.1,66.727
1024.65,66.79
1025.2,66.853
1025.75,66.913
1026.3,66.976
1026.85,67.041
1027.4,67.103
1027.95,67.167
1028.5,67.231
1029.05,67.296
1029.6,67.358
1030.15,67.421
1030.7,67.485
1031.25,67.546
1031.8,67.604
1032.35,67.666
1032.9,67.729
1033.45,67.793
1034.0,67.848
1034.55,67.908
1035.1,67.969
1035.65,68.029
1036.2,68.091
1036.75,68.158
1037.3,68.224
1037.85,68.289
1038.4,68.346
1038.95,68.403
1039.5,68.46
1040.05,68.517
1040.6,68.574
1041.15,68.631
1041.7,68.692
1042.25,68.751
1042.8,68.816
1043.35,68.879
1043.9,68.943
1044.45,69.009
1045.0,69.074
1045.55,69.141
1046.1,69.204
1046.65,69.268
1047.2,69.332
1047.75,69.394
1048.3,69.45
1048.85,69.511
1049.4,69.573
1049.95,69.632
1050.5,69.686
1051.05,69.741
1051.6,69.796
1052.15,69.854
1052.7,69.913
1053.25,69.969
1053.8,70.025
1054.35,70.081
1054.9,70.137
1055.45,70.19
1056.0,70.241
1056.55,70.296
1057.1,70.347
1057.65,70.399
1058.2,70.45
1058.75,70.5
1059.3,70.546
1059.85,70.594
1060.4,70.641
1060.95,70.688
1061.5,70.733
1062.05,70.779
1062.6,70.826
1063.15,70.873
1063.7,70.922
1064.25,70.976
1064.8,71.03
1065.35,71.078
1065.9,71.13
1066.45,71.182
1067.0,71.231
1067.55,71.28
1068.1,71.33
1068.65,71.383
1069.2,71.438
1069.75,71.491
1070.3,71.544
1070.85,71.592
1071.4,71.645
1071.95,71.697
1072.5,71.75
1073.05,71.804
1073.6,71.857
1074.15,71.91
1074.7,71.964
1075.25,72.019
1075.8,72.074
1076.35,72.132
1076.9,72.187
1077.45,72.244
1078.0,72.301
1078.55,72.363
1079.1,72.426
1079.65,72.486
1080.2,72.547
1080.75,72.608
1081.3,72.669
1081.85,72.727
1082.4,72.785
1082.95,72.843
1083.5,72.899
1084.05,72.956
1084.6,73.012
1085.15,73.066
1085.7,73.119
1086.25,73.172
1086.8,73.225
1087.35,73.281
1087.9,73.333
1088.45,73.387
1089.0,73.44
1089.55,73.495
1090.1,73.545
1090.65,73.598
1091.2,73.65
1091.75,73.701
1092.3,73.752
1092.85,73.804
1093.4,73.854
1093.95,73.903
1094.5,73.947
1095.05,73.994
1095.6,74.042
1096.15,74.09
1096.7,74.135
1097.25,74.183
1097.8,74.228
1098.35,74.274
1098.9,74.322
1099.45,74.368
1100.0,74.414
1100.55,74.459
1101.1,74.503
1101.65,74.543
1102.2,74.587
1102.75,74.63
1103.3,74.674
1103.85,74.721
1104.4,74.768
1104.95,74.816
1105.5,74.864
1106.05,74.913
1106.6,74.962
1107.15,75.011
1107.7,75.063
1108.25,75.114
1108.8,75.165
1109.35,75.215
1109.9,75.265
1110.45,75.316
1111.0,75.368
1111.55,75.421
1112.1,75.474
1112.65,75.527
1113.2,75.582
1113.75,75.636
1114.3,75.693
1114.85,75.749
1115.4,75.808
1115.95,75.868
1116.5,75.926
1117.05,75.982
1117.6,76.038
1118.15,76.091
1118.7,76.144
1119.25,76.202
1119.8,76.258
1120.35,76.312
1120.9,76.365
1121.45,76.419
1122.0,76.478
1122.55,76.531
1123.1,76.587
1123.65,76.639
1124.2,76.692
1124.75,76.749
1125.3,76.806
1125.85,76.861
1126.4,76.916
1126.95,76.969
1127.5,77.021
1128.05,77.073
1128.6,77.125
1129.15,77.179
1129.7,77.229
1130.25,77.281
1130.8,77.332
1131.35,77.382
1131.9,77.435
1132.45,77.492
1133.0,77.546
1133.55,77.601
1134.1,77.658
1134.65,77.715
1135.2,77.77
1135.75,77.825
1136.3,77.88
1136.85,77.935
1137.4,77.989
1137.95,78.041
1138.5,78.094
1139.05,78.149
1139.6,78.2
1140.15,78.252
1140.7,78.31
1141.25,78.364
1141.8,78.415
1142.35,78.465
1142.9,78.518
1143.45,78.57
1144.0,78.62
1144.55,78.67
1145.1,78.719
1145.65,78.767
1146.2,78.817
1146.75,78.868
1147.3,78.919
1147.85,78.969
1148.4,79.022
1148.95,79.076
1149.5,79.127
1150.05,79.178
1150.6,79.228
1151.15,79.28
1151.7,79.327
1152.25,79.374
1152.8,79.421
1153.35,79.47
1153.9,79.52
1154.45,79.571
1155.0,79.621
1155.55,79.67
1156.1,79.716
1156.65,79.762
1157.2,79.81
1157.75,79.86
1158.3,79.91
1158.85,79.961
1159.4,80.011
1159.95,80.059
1160.5,80.107
1161.05,80.153
1161.6,80.198
1162.15,80.249
1162.7,80.297
1163.25,80.346
1163.8,80.392
1164.35,80.44
1164.9,80.489
1165.45,80.537
1166.0,80.586
1166.55,80.633
1167.1,80.679
1167.65,80.726
1168.2,80.774
1168.75,80.821
1169.3,80.869
1169.85,80.918
1170.4,80.966
1170.95,81.016
1171.5,81.065
1172.05,81.114
1172.6,81.164
1173.15,81.215
1173.7,81.264
1174.25,81.31
1174.8,81.355
1175.35,81.401
1175.9,81.45
1176.45,81.499
1177.0,81.545
1177.55,81.591
1178.1,81.637
1178.65,81.683
1179.2,81.725
1179.75,81.767
1180.3,81.81
1180.85,81.855
1181.4,81.899
1181.95,81.943
1182.5,81.992
1183.05,82.037
1183.6,82.084
1184.15,82.128
1184.7,82.174
1185.25,82.218
1185.8,82.261
1186.35,82.303
1186.9,82.343
1187.45,82.386
1188.0,82.427
1188.55,82.469
1189.1,82.512
1189.65,82.554
1190.2,82.599
1190.75,82.642
1191.3,82.68
1191.85,82.721
1192.4,82.763
1192.95,82.804
1193.5,82.846
1194.05,82.889
1194.6,82.932
1195.15,82.974
1195.7,83.016
1196.25,83.057
1196.8,83.098
1197.35,83.137
1197.9,83.176
1198.45,83.216
1199.0,83.255
1199.55,83.294
1200.1,83.333
1200.65,83.375
1201.2,83.417
1201.75,83.46
1202.3,83.503
1202.85,83.545
1203.4,83.589
1203.95,83.632
1204.5,83.675
1205.05,83.716
1205.6,83.756
1206.15,83.796
1206.7,83.843
1207.25,83.885
1207.8,83.929
1208.35,83.97
1208.9,84.012
1209.45,84.054
1210.0,84.097
1210.55,84.142
1211.1,84.184
1211.65,84.231
1212.2,84.276
1212.75,84.322
1213.3,84.367
1213.85,84.411
1214.4,84.455
1214.95,84.5
1215.5,84.544
1216.05,84.589
1216.6,84.632
1217.15,84.674
1217.7,84.719
1218.25,84.765
1218.8,84.813
1219.35,84.858
1219.9,84.903
1220.45,84.951
1221.0,84.999
1221.55,85.046
1222.1,85.093
1222.65,85.142
1223.2,85.188
1223.75,85.229
1224.3,85.276
1224.85,85.324
1225.4,85.371
1225.95,85.419
1226.5,85.468
1227.05,85.515
1227.6,85.564
1228.15,85.613
1228.7,85.662
1229.25,85.71
1229.8,85.759
1230.35,85.81
1230.9,85.861
1231.45,85.911
1232.0,85.962
1232.55,86.01
1233.1,86.059
1233.65,86.108
1234.2,86.157
1234.75,86.208
1235.3,86.26
1235.85,86.311
1236.4,86.362
1236.95,86.413
1237.5,86.466
1238.05,86.519
1238.6,86.574
1239.15,86.63
1239.7,86.686
1240.25,86.735
1240.8,86.79
1241.35,86.844
1241.9,86.899
1242.45,86.952
1243.0,87.008
1243.55,87.063
1244.1,87.121
1244.65,87.182
1245.2,87.246
1245.75,87.31
1246.3,87.368
1246.85,87.423
1247.4,87.481
1247.95,87.541
1248.5,87.599
1249.05,87.658
1249.6,87.714
1250.15,87.774
1250.7,87.831
1251.25,87.891
1251.8,87.949
1252.35,88.004
1252.9,88.059
1253.45,88.114
1254.0,88.172
1254.55,88.23
1255.1,88.286
1255.65,88.346
1256.2,88.401
1256.75,88.459
1257.3,88.518
1257.85,88.574
1258.4,88.631
1258.95,88.688
1259.5,88.742
1260.05,88.794
1260.6,88.847
1261.15,88.899
1261.7,88.952
1262.25,89.005
1262.8,89.062
1263.35,89.119
1263.9,89.174
1264.45,89.23
1265.0,89.286
1265.55,89.336
1266.1,89.387
1266.65,89.438
1267.2,89.489
1267.75,89.54
1268.3,89.592
1268.85,89.65
1269.4,89.705
1269.95,89.757
1270.5,89.808
1271.05,89.861
1271.6,89.913
1272.15,89.963
1272.7,90.012
1273.25,90.062
1273.8,90.115
1274.35,90.168
1274.9,90.222
1275.45,90.274
1276.0,90.324
1276.55,90.38
1277.1,90.436
1277.65,90.489
1278.2,90.54
1278.75,90.6
1279.3,90.66
1279.85,90.719
1280.4,90.777
1280.95,90.833
1281.5,90.888
1282.05,90.939
1282.6,90.991
1283.15,91.046
1283.7,91.101
1284.25,91.156
1284.8,91.213
1285.35,91.27
1285.9,91.328
1286.45,91.385
1287.0,91.441
1287.55,91.5
1288.1,91.55
1288.65,91.602
1289.2,91.657
1289.75,91.714
1290.3,91.771
1290.85,91.825
1291.4,91.88
1291.95,91.935
1292.5,91.987
1293.05,92.04
1293.6,92.094
1294.15,92.148
1294.7,92.204
1295.25,92.26
1295.8,92.315
1296.35,92.368
1296.9,92.418
1297.45,92.471
1298.0,92.525
1298.55,92.577
1299.1,92.629
1299.65,92.679
1300.2,92.734
1300.75,92.786
1301.3,92.838
1301.85,92.889
1302.4,92.941
1302.95,92.995
1303.5,93.051
1304.05,93.104
1304.6,93.157
1305.15,93.211
1305.7,93.264
1306.25,93.315
1306.8,93.364
1307.35,93.414
1307.9,93.465
1308.45,93.517
1309.0,93.572
1309.55,93.626
1310.1,93.676
1310.65,93.725
1311.2,93.778
1311.75,93.83
1312.3,93.88
1312.85,93.931
1313.4,93.983
1313.95,94.034
1314.5,94.084
1315.05,94.133
1315.6,94.182
1316.15,94.232
1316.7,94.286
1317.25,94.335
1317.8,94.386
1318.35,94.44
1318.9,94.49
1319.45,94.542
1320.0,94.595
1320.55,94.649
1321.1,94.705
1321.65,94.757
1322.2,94.805
1322.75,94.849
1323.3,94.893
1323.85,94.941
1324.4,94.987
1324.95,95.034
1325.5,95.083
1326.05,95.132
1326.6,95.182
1327.15,95.234
1327.7,95.288
1328.25,95.341
1328.8,95.394
1329.35,95.449
1329.9,95.502
1330.45,95.555
1331.0,95.609
1331.55,95.661
1332.1,95.714
1332.65,95.767
1333.2,95.819
1333.75,95.871
1334.3,95.924
1334.85,95.972
1335.4,96.024
1335.95,96.079
1336.5,96.13
1337.05,96.182
1337.6,96.232
1338.15,96.28
1338.7,96.331
1339.25,96.385
1339.8,96.438
1340.35,96.486
1340.9,96.543
1341.45,96.597
1342.0,96.649
1342.55,96.699
1343.1,96.752
1343.65,96.804
1344.2,96.855
1344.75,96.906
1345.3,96.958
1345.85,97.011
1346.4,97.065
1346.95,97.116
1347.5,97.167
1348.05,97.218
1348.6,97.268
1349.15,97.319
1349.7,97.369
1350.25,97.42
1350.8,97.472
1351.35,97.525
1351.9,97.575
1352.45,97.629
1353.0,97.682
1353.55,97.735
1354.1,97.783
1354.65,97.832
1355.2,97.885
1355.75,97.94
1356.3,97.994
1356.85,98.046
1357.4,98.095
1357.95,98.146
1358.5,98.197
1359.05,98.251
1359.6,98.302
1360.15,98.355
1360.7,98.408
1361.25,98.459
1361.8,98.509
1362.35,98.56
1362.9,98.61
1363.45,98.662
1364.0,98.717
1364.55,98.772
1365.1,98.825
1365.65,98.88
1366.2,98.933
1366.75,98.99
1367.3,99.041
1367.85,99.094
1368.4,99.147
1368.95,99.205
1369.5,99.263
1370.05,99.318
1370.6,99.372
1371.15,99.427
1371.7,99.482
1372.25,99.535
1372.8,99.586
1373.35,99.641
1373.9,99.692
1374.45,99.743
1375.0,99.795
1375.55,99.848
1376.1,99.904
1376.65,99.957
1377.2,100.01
1377.75,100.062
1378.3,100.114
1378.85,100.166
1379.4,100.218
1379.95,100.269
1380.5,100.321
1381.05,100.374
1381.6,100.426
1382.15,100.477
1382.7,100.529
1383.25,100.58
1383.8,100.634
1384.35,100.687
1384.9,100.739
1385.45,100.791
1386.0,100.842
1386.55,100.893
1387.1,100.948
1387.65,101.003
1388.2,101.058
1388.75,101.113
1389.3,101.165
1389.85,101.216
1390.4,101.266
1390.95,101.315
1391.5,101.363
1392.05,101.41
1392.6,101.458
1393.15,101.509
1393.7,101.561
1394.25,101.614
1394.8,101.667
1395.35,101.72
1395.9,101.772
1396.45,101.825
1397.0,101.878
1397.55,101.93
1398.1,101.982
1398.65,102.038
1399.2,102.091
1399.75,102.144
1400.3,102.196
1400.85,102.252
1401.4,102.312
1401.95,102.368
1402.5,102.423
1403.05,102.479
1403.6,102.535
1404.15,102.59
1404.7,102.647
1405.25,102.702
1405.8,102.76
1406.35,102.819
1406.9,102.878
1407.45,102.935
1408.0,102.991
1408.55,103.052
1409.1,103.113
1409.65,103.175
1410.2,103.234
1410.75,103.302
1411.3,103.368
1411.85,103.433
1412.4,103.503
1412.95,103.571
1413.5,103.637
1414.05,103.705
1414.6,103.77
1415.15,103.836
1415.7,103.898
1416.25,103.961
1416.8,104.022
1417.35,104.083
1417.9,104.15
1418.45,104.212
1419.0,104.27
1419.55,104.33
1420.1,104.392
1420.65,104.453
1421.2,104.512
1421.75,104.572
1422.3,104.633
1422.85,104.692
1423.4,104.748
1423.95,104.804
1424.5,104.861
1425.05,104.918
1425.6,104.975
1426.15,105.033
1426.7,105.086
1427.25,105.143
1427.8,105.204
1428.35,105.264
1428.9,105.322
1429.45,105.379
1430.0,105.438
1430.55,105.495
1431.1,105.552
1431.65,105.608
1432.2,105.666
1432.75,105.725
1433.3,105.785
1433.85,105.844
1434.4,105.902
1434.95,105.956
1435.5,106.011
1436.05,106.067
1436.6,106.122
1437.15,106.178
1437.7,106.234
1438.25,106.287
1438.8,106.34
1439.35,106.394
1439.9,106.447
1440.45,106.499
1441.0,106.55
1441.55,106.601
1442.1,106.651
1442.65,106.704
1443.2,106.759
1443.75,106.818
1444.3,106.876
1444.85,106.933
1445.4,106.988
1445.95,107.046
1446.5,107.103
1447.05,107.162
1447.6,107.223
1448.15,107.283
1448.7,107.343
1449.25,107.406
1449.8,107.468
1450.35,107.53
1450.9,107.59
1451.45,107.653
1452.0,107.717
1452.55,107.781
1453.1,107.849
1453.65,107.917
1454.2,107.986
1454.75,108.056
1455.3,108.125
1455.85,108.195
1456.4,108.267
1456.95,108.34
1457.5,108.416
1458.05,108.487
1458.6,108.561
1459.15,108.632
1459.7,108.705
1460.25,108.776
1460.8,108.851
1461.35,108.922
1461.9,108.994
1462.45,109.072
1463.0,109.143
1463.55,109.211
1464.1,109.28
1464.65,109.349
1465.2,109.416
1465.75,109.49
1466.3,109.557
1466.85,109.624
1467.4,109.69
1467.95,109.756
1468.5,109.822
1469.05,109.885
1469.6,109.957
1470.15,110.025
1470.7,110.085
1471.25,110.151
1471.8,110.222
1472.35,110.29
1472.9,110.356
1473.45,110.419
1474.0,110.482
1474.55,110.548
1475.1,110.614
1475.65,110.681
1476.2,110.747
1476.75,110.811
1477.3,110.876
1477.85,110.94
1478.4,111.005
1478.95,111.071
1479.5,111.136
1480.05,111.2
1480.6,111.263
1481.15,111.33
1481.7,111.4
1482.25,111.465
1482.8,111.532
1483.35,111.598
1483.9,111.662
1484.45,111.729
1485.0,111.797
1485.55,111.865
1486.1,111.932
1486.65,111.997
1487.2,112.066
1487.75,112.135
1488.3,112.199
1488.85,112.263
1489.4,112.33
1489.95,112.4
1490.5,112.464
1491.05,112.527
1491.6,112.592
1492.15,112.654
1492.7,112.714
1493.25,112.777
1493.8,112.843
1494.35,112.907
1494.9,112.971
1495.45,113.034
1496.0,113.097
1496.55,113.162
1497.1,113.222
1497.65,113.281
1498.2,113.342
1498.75,113.403
1499.3,113.466
1499.85,113.531
1500.4,113.592
1500.95,113.652
1501.5,113.716
1502.05,113.776
1502.6,113.833
1503.15,113.889
1503.7,113.947
1504.25,114.004
1504.8,114.06
1505.35,114.116
1505.9,114.17
1506.45,114.227
1507.0,114.284
1507.55,114.342
1508.1,114.398
1508.65,114.452
1509.2,114.509
1509.75,114.569
1510.3,114.627
1510.85,114.684
1511.4,114.74
1511.95,114.792
1512.5,114.844
1513.05,114.899
1513.6,114.956
1514.15,115.01
1514.7,115.064
1515.25,115.115
1515.8,115.169
1516.35,115.223
1516.9,115.276
1517.45,115.327
1518.0,115.382
1518.55,115.436
1519.1,115.492
1519.65,115.546
1520.2,115.599
1520.75,115.652
1521.3,115.707
1521.85,115.762
1522.4,115.815
1522.95,115.868
1523.5,115.922
1524.05,115.976
1524.6,116.029
1525.15,116.085
1525.7,116.136
1526.25,116.189
1526.8,116.248
1527.35,116.3
1527.9,116.35
1528.45,116.4
1529.0,116.45
1529.55,116.5
1530.1,116.55
1530.65,116.602
1531.2,116.654
1531.75,116.704
1532.3,116.754
1532.85,116.805
1533.4,116.856
1533.95,116.905
1534.5,116.953
1535.05,117.001
1535.6,117.051
1536.15,117.102
1536.7,117.149
1537.25,117.197
1537.8,117.245
1538.35,117.293
1538.9,117.34
1539.45,117.385
1540.0,117.433
1540.55,117.482
1541.1,117.53
1541.65,117.577
1542.2,117.624
1542.75,117.67
1543.3,117.717
1543.85,117.765
1544.4,117.811
1544.95,117.857
1545.5,117.905
1546.05,117.954
1546.6,118.001
1547.15,118.044
1547.7,118.087
1548.25,118.129
1548.8,118.175
1549.35,118.224
1549.9,118.271
1550.45,118.318
1551.0,118.366
1551.55,118.412
1552.1,118.456
1552.65,118.501
1553.2,118.549
1553.75,118.595
1554.3,118.643
1554.85,118.691
1555.4,118.738
1555.95,118.782
1556.5,118.829
1557.05,118.874
1557.6,118.918
1558.15,118.962
1558.7,119.005
1559.25,119.048
1559.8,119.092
1560.35,119.136
1560.9,119.182
1561.45,119.227
1562.0,119.272
1562.55,119.317
1563.1,119.363
1563.65,119.408
1564.2,119.455
1564.75,119.501
1565.3,119.544
1565.85,119.588
1566.4,119.63
1566.95,119.675
1567.5,119.719
1568.05,119.76
1568.6,119.801
1569.15,119.844
1569.7,119.888
1570.25,119.931
1570.8,119.977
1571.35,120.022
1571.9,120.067
1572.45,120.11
1573.0,120.153
1573.55,120.195
1574.1,120.239
1574.65,120.279
1575.2,120.32
1575.75,120.362
1576.3,120.404
1576.85,120.448
1577.4,120.491
1577.95,120.533
1578.5,120.576
1579.05,120.62
1579.6,120.664
1580.15,120.707
1580.7,120.75
1581.25,120.793
1581.8,120.833
1582.35,120.875
1582.9,120.917
1583.45,120.958
1584.0,120.999
1584.55,121.04
1585.1,121.078
1585.65,121.121
1586.2,121.162
1586.75,121.203
1587.3,121.244
1587.85,121.286
1588.4,121.328
1588.95,121.37
1589.5,121.412
1590.05,121.453
1590.6,121.492
1591.15,121.532
1591.7,121.57
1592.25,121.611
1592.8,121.653
1593.35,121.693
1593.9,121.732
1594.45,121.773
1595.0,121.814
1595.55,121.855
1596.1,121.895
1596.65,121.937
1597.2,121.982
1597.75,122.025
1598.3,122.068
1598.85,122.11
1599.4,122.152
1599.95,122.195
1600.5,122.237
1601.05,122.277
1601.6,122.316
1602.15,122.356
1602.7,122.395
1603.25,122.435
1603.8,122.478
1604.35,122.519
1604.9,122.56
1605.45,122.601
1606.0,122.641
1606.55,122.681
1607.1,122.721
1607.65,122.761
1608.2,122.801
1608.75,122.84
1609.3,122.878
1609.85,122.918
1610.4,122.958
1610.95,122.999
1611.5,123.038
1612.05,123.078
1612.6,123.118
1613.15,123.16
1613.7,123.202
1614.25,123.242
1614.8,123.281
1615.35,123.323
1615.9,123.364
1616.45,123.405
1617.0,123.446
1617.55,123.486
1618.1,123.527
1618.65,123.566
1619.2,123.607
1619.75,123.649
1620.3,123.688
1620.85,123.726
1621.4,123.765
1621.95,123.805
1622.5,123.845
1623.05,123.882
1623.6,123.921
1624.15,123.961
1624.7,124.0
1625.25,124.041
1625.8,124.086
1626.35,124.124
1626.9,124.163
1627.45,124.2
1628.0,124.235
1628.55,124.273
1629.1,124.309
1629.65,124.345
1630.2,124.385
1630.75,124.424
1631.3,124.462
1631.85,124.501
1632.4,124.542
1632.95,124.585
1633.5,124.628
1634.05,124.67
1634.6,124.711
1635.15,124.754
1635.7,124.799
1636.25,124.841
1636.8,124.881
1637.35,124.92
1637.9,124.96
1638.45,125.001
1639.0,125.043
1639.55,125.088
1640.1,125.129
1640.65,125.172
1641.2,125.215
1641.75,125.256
1642.3,125.297
1642.85,125.339
1643.4,125.383
1643.95,125.424
1644.5,125.465
1645.05,125.506
1645.6,125.546
1646.15,125.589
1646.7,125.632
1647.25,125.674
1647.8,125.717
1648.35,125.76
1648.9,125.803
1649.45,125.848
1650.0,125.894
1650.55,125.935
1651.1,125.978
1651.65,126.022
1652.2,126.064
1652.75,126.106
1653.3,126.148
1653.85,126.189
1654.4,126.233
1654.95,126.277
1655.5,126.318
1656.05,126.359
1656.6,126.403
1657.15,126.448
1657.7,126.494
1658.25,126.541
1658.8,126.583
1659.35,126.626
1659.9,126.668
1660.45,126.708
1661.0,126.749
1661.55,126.789
1662.1,126.827
1662.65,126.866
1663.2,126.904
1663.75,126.94
1664.3,126.978
1664.85,127.015
1665.4,127.053
1665.95,127.09
1666.5,127.126
1667.05,127.164
1667.6,127.203
1668.15,127.243
1668.7,127.281
1669.25,127.319
1669.8,127.357
1670.35,127.397
1670.9,127.437
1671.45,127.476
1672.0,127.512
1672.55,127.548
1673.1,127.586
1673.65,127.622
1674.2,127.66
1674.75,127.698
1675.3,127.735
1675.85,127.773
1676.4,127.81
1676.95,127.846
1677.5,127.879
1678.05,127.913
1678.6,127.947
1679.15,127.979
1679.7,128.013
1680.25,128.047
1680.8,128.079
1681.35,128.113
1681.9,128.147
1682.45,128.182
1683.0,128.215
1683.55,128.249
1684.1,128.284
1684.65,128.317
1685.2,128.349
1685.75,128.38
1686.3,128.412
1686.85,128.443
1687.4,128.474
1687.95,128.506
1688.5,128.537
1689.05,128.567
1689.6,128.598
1690.15,128.631
1690.7,128.662
1691.25,128.694
1691.8,128.726
1692.35,128.759
1692.9,128.791
1693.45,128.822
1694.0,128.855
1694.55,128.889
1695.1,128.922
1695.65,128.956
1696.2,128.991
1696.75,129.024
1697.3,129.058
1697.85,129.09
1698.4,129.125
1698.95,129.158
1699.5,129.191
1700.05,129.224
1700.6,129.256
1701.15,129.287
1701.7,129.323
1702.25,129.358
1702.8,129.393
1703.35,129.425
1703.9,129.459
1704.45,129.493
1705.0,129.526
1705.55,129.56
1706.1,129.594
1706.65,129.627
1707.2,129.661
1707.75,129.696
1708.3,129.734
1708.85,129.77
1709.4,129.804
1709.95,129.838
1710.5,129.873
1711.05,129.907
1711.6,129.941
1712.15,129.977
1712.7,130.013
1713.25,130.049
1713.8,130.083
1714.35,130.122
1714.9,130.158
1715.45,130.194
1716.0,130.231
1716.55,130.268
1717.1,130.305
1717.65,130.341
1718.2,130.38
1718.75,130.417
1719.3,130.456
1719.85,130.496
1720.4,130.537
1720.95,130.575
1721.5,130.614
1722.05,130.655
1722.6,130.697
1723.15,130.738
1723.7,130.78
1724.25,130.822
1724.8,130.865
1725.35,130.91
1725.9,130.954
1726.45,130.998
1727.0,131.041
1727.55,131.085
1728.1,131.128
1728.65,131.173
1729.2,131.219
1729.75,131.264
1730.3,131.308
1730.85,131.353
1731.4,131.396
1731.95,131.442
1732.5,131.488
1733.05,131.541
1733.6,131.592
1734.15,131.641
1734.7,131.692
1735.25,131.742
1735.8,131.795
1736.35,131.848
1736.9,131.901
1737.45,131.955
1738.0,132.008
1738.55,132.066
1739.1,132.123
1739.65,132.177
1740.2,132.23
1740.75,132.282
1741.3,132.337
1741.85,132.393
1742.4,132.45
1742.95,132.506
1743.5,132.564
1744.05,132.624
1744.6,132.687
1745.15,132.746
1745.7,132.809
1746.25,132.871
1746.8,132.935
1747.35,133.0
1747.9,133.067
1748.45,133.134
1749.0,133.195
1749.55,133.258
1750.1,133.327
1750.65,133.397
1751.2,133.461
1751.75,133.524
1752.3,133.588
1752.85,133.658
1753.4,133.729
1753.95,133.803
1754.5,133.87
1755.05,133.941
1755.6,134.014
1756.15,134.087
1756.7,134.164
1757.25,134.236
1757.8,134.313
1758.35,134.389
1758.9,134.466
1759.45,134.545
1760.0,134.624
1760.55,134.703
1761.1,134.785
1761.65,134.866
1762.2,134.949
1762.75,135.036
1763.3,135.124
1763.85,135.213
1764.4,135.307
1764.95,135.402
1765.5,135.497
1766.05,135.593
1766.6,135.691
1767.15,135.779
1767.7,135.876
1768.25,135.968
1768.8,136.055
1769.35,136.147
1769.9,136.248
1770.45,136.345
1771.0,136.447
1771.55,136.552
1772.1,136.656
1772.65,136.752
1773.2,136.853
1773.75,136.953
1774.3,137.056
1774.85,137.159
1775.4,137.253
1775.95,137.347
1776.5,137.448
1777.05,137.547
1777.6,137.647
1778.15,137.743
1778.7,137.847
1779.25,137.947
1779.8,138.046
1780.35,138.147
1780.9,138.247
1781.45,138.35
1782.0,138.454
1782.55,138.554
1783.1,138.659
1783.65,138.763
1784.2,138.87
1784.75,138.983
1785.3,139.093
1785.85,139.201
1786.4,139.31
1786.95,139.417
1787.5,139.522
1788.05,139.627
1788.6,139.735
1789.15,139.846
1789.7,139.951
1790.25,140.06
1790.8,140.163
1791.35,140.273
1791.9,140.384
1792.45,140.488
1793.0,140.591
1793.55,140.701
1794.1,140.809
1794.65,140.919
1795.2,141.03
1795.75,141.142
1796.3,141.25
1796.85,141.359
1797.4,141.464
1797.95,141.573
1798.5,141.686
1799.05,141.787
1799.6,141.888
1800.15,141.993
1800.7,142.093
1801.25,142.198
1801.8,142.307
1802.35,142.42
1802.9,142.528
1803.45,142.636
1804.0,142.739
1804.55,142.843
1805.1,142.941
1805.65,143.045
1806.2,143.156
1806.75,143.266
1807.3,143.377
1807.85,143.479
1808.4,143.578
1808.95,143.684
1809.5,143.796
1810.05,143.903
1810.6,144.015
1811.15,144.125
1811.7,144.229
1812.25,144.328
1812.8,144.433
1813.35,144.538
1813.9,144.645
1814.45,144.748
1815.0,144.854
1815.55,144.959
1816.1,145.063
1816.65,145.173
1817.2,145.279
1817.75,145.382
1818.3,145.485
1818.85,145.597
1819.4,145.705
1819.95,145.816
1820.5,145.932
1821.05,146.043
1821.6,146.141
1822.15,146.245
1822.7,146.353
1823.25,146.459
1823.8,146.563
1824.35,146.665
1824.9,146.753
1825.45,146.857
1826.0,146.958
1826.55,147.06
1827.1,147.161
1827.65,147.267
1828.2,147.376
1828.75,147.488
1829.3,147.6
1829.85,147.71
1830.4,147.821
1830.95,147.926
1831.5,148.024
1832.05,148.123
1832.6,148.228
1833.15,148.327
1833.7,148.424
1834.25,148.527
1834.8,148.633
1835.35,148.741
1835.9,148.849
1836.45,148.951
1837.0,149.057
1837.55,149.164
1838.1,149.27
1838.65,149.379
1839.2,149.483
1839.75,149.586
1840.3,149.682
1840.85,149.784
1841.4,149.88
1841.95,149.976
1842.5,150.072
1843.05,150.167
1843.6,150.263
1844.15,150.36
1844.7,150.456
1845.25,150.557
1845.8,150.658
1846.35,150.757
1846.9,150.857
1847.45,150.958
1848.0,151.06
1848.55,151.163
1849.1,151.263
1849.65,151.362
1850.2,151.467
1850.75,151.565
1851.3,151.667
1851.85,151.77
1852.4,151.872
1852.95,151.976
1853.5,152.081
1854.05,152.186
1854.6,152.289
1855.15,152.389
1855.7,152.493
1856.25,152.593
1856.8,152.689
1857.35,152.791
1857.9,152.898
1858.45,152.991
1859.0,153.096
1859.55,153.202
1860.1,153.31
1860.65,153.423
1861.2,153.53
1861.75,153.636
1862.3,153.741
1862.85,153.848
1863.4,153.96
1863.95,154.078
1864.5,154.196
1865.05,154.305
1865.6,154.415
1866.15,154.527
1866.7,154.641
1867.25,154.762
1867.8,154.882
1868.35,154.998
1868.9,155.117
1869.45,155.235
1870.0,155.349
1870.55,155.464
1871.1,155.584
1871.65,155.697
1872.2,155.81
1872.75,155.925
1873.3,156.044
1873.85,156.174
1874.4,156.306
1874.95,156.436
1875.5,156.554
1876.05,156.674
1876.6,156.799
1877.15,156.915
1877.7,157.032
1878.25,157.149
1878.8,157.267
1879.35,157.392
1879.9,157.513
1880.45,157.627
1881.0,157.742
1881.55,157.856
1882.1,157.972
1882.65,158.092
1883.2,158.193
1883.75,158.293
1884.3,158.397
1884.85,158.497
1885.4,158.607
1885.95,158.713
1886.5,158.813
1887.05,158.911
1887.6,159.01
1888.15,159.105
1888.7,159.2
1889.25,159.298
1889.8,159.387
1890.35,159.49
1890.9,159.588
1891.45,159.692
1892.0,159.796
1892.55,159.897
1893.1,160.002
1893.65,160.106
1894.2,160.209
1894.75,160.323
1895.3,160.432
1895.85,160.539
1896.4,160.644
1896.95,160.756
1897.5,160.868
1898.05,160.981
1898.6,161.097
1899.15,161.21
1899.7,161.33
1900.25,161.443
1900.8,161.558
1901.35,161.663
1901.9,161.764
1902.45,161.877
1903.0,161.974
1903.55,162.077
1904.1,162.178
1904.65,162.278
1905.2,162.375
1905.75,162.476
1906.3,162.57
1906.85,162.672
1907.4,162.775
1907.95,162.877
1908.5,162.979
1909.05,163.08
1909.6,163.182
1910.15,163.289
1910.7,163.393
1911.25,163.506
1911.8,163.623
1912.35,163.73
1912.9,163.835
1913.45,163.953
1914.0,164.074
1914.55,164.198
1915.1,164.328
1915.65,164.453
1916.2,164.572
1916.75,164.692
1917.3,164.814
1917.85,164.934
1918.4,165.051
1918.95,165.177
1919.5,165.297
1920.05,165.417
1920.6,165.53
1921.15,165.646
1921.7,165.768
1922.25,165.887
1922.8,166.003
1923.35,166.119
1923.9,166.245
1924.45,166.358
1925.0,166.474
1925.55,166.585
1926.1,166.706
1926.65,166.824
1927.2,166.941
1927.75,167.05
1928.3,167.161
1928.85,167.271
1929.4,167.38
1929.95,167.482
1930.5,167.586
1931.05,167.7
1931.6,167.809
1932.15,167.915
1932.7,168.015
1933.25,168.117
1933.8,168.213
1934.35,168.309
1934.9,168.413
1935.45,168.516
1936.0,168.616
1936.55,168.719
1937.1,168.83
1937.65,168.937
1938.2,169.038
1938.75,169.139
1939.3,169.239
1939.85,169.343
1940.4,169.453
1940.95,169.565
1941.5,169.675
1942.05,169.778
1942.6,169.881
1943.15,169.996
1943.7,170.109
1944.25,170.226
1944.8,170.343
1945.35,170.457
1945.9,170.569
1946.45,170.682
1947.0,170.799
1947.55,170.916
1948.1,171.036
1948.65,171.157
1949.2,171.275
1949.75,171.395
1950.3,171.505
1950.85,171.61
1951.4,171.712
1951.95,171.81
1952.5,171.912
1953.05,172.009
1953.6,172.106
1954.15,172.208
1954.7,172.308
1955.25,172.415
1955.8,172.52
1956.35,172.632
1956.9,172.749
1957.45,172.861
1958.0,172.976
1958.55,173.097
1959.1,173.21
1959.65,173.329
1960.2,173.443
1960.75,173.565
1961.3,173.685
1961.85,173.811
1962.4,173.933
1962.95,174.053
1963.5,174.171
1964.05,174.291
1964.6,174.41
1965.15,174.528
1965.7,174.643
1966.25,174.761
1966.8,174.874
1967.35,174.991
1967.9,175.113
1968.45,175.228
1969.0,175.343
1969.55,175.461
1970.1,175.582
1970.65,175.712
1971.2,175.842
1971.75,175.976
1972.3,176.103
1972.85,176.229
1973.4,176.357
1973.95,176.487
1974.5,176.61
1975.05,176.728
1975.6,176.848
1976.15,176.958
1976.7,177.065
1977.25,177.165
1977.8,177.268
1978.35,177.375
1978.9,177.478
1979.45,177.584
1980.0,177.701
1980.55,177.801
1981.1,177.899
1981.65,177.994
1982.2,178.095
1982.75,178.195
1983.3,178.298
1983.85,178.404
1984.4,178.511
1984.95,178.613
1985.5,178.722
1986.05,178.832
1986.6,178.944
1987.15,179.06
1987.7,179.182
1988.25,179.308
1988.8,179.432
1989.35,179.562
1989.9,179.694
1990.45,179.819
1991.0,179.934
1991.55,180.063
1992.1,180.191
1992.65,180.309
1993.2,180.435
1993.75,180.566
1994.3,180.698
1994.85,180.829
1995.4,180.956
1995.95,181.086
1996.5,181.215
1997.05,181.351
1997.6,181.484
1998.15,181.603
1998.7,181.729
1999.25,181.868
1999.8,182.001
2000.35,182.133
2000.9,182.269
2001.45,182.408
2002.0,182.534
2002.55,182.663
2003.1,182.798
2003.65,182.929
2004.2,183.062
2004.75,183.195
2005.3,183.332
2005.85,183.461
2006.4,183.598
2006.95,183.74
2007.5,183.877
2008.05,184.009
2008.6,184.143
2009.15,184.276
2009.7,184.416
2010.25,184.554
2010.8,184.688
2011.35,184.831
2011.9,184.968
2012.45,185.101
2013.0,185.229
2013.55,185.353
2014.1,185.487
2014.65,185.622
2015.2,185.755
2015.75,185.888
2016.3,186.017
2016.85,186.145
2017.4,186.273
2017.95,186.398
2018.5,186.512
2019.05,186.634
2019.6,186.748
2020.15,186.867
2020.7,186.984
2021.25,187.099
2021.8,187.214
2022.35,187.32
2022.9,187.425
2023.45,187.532
2024.0,187.633
2024.55,187.732
2025.1,187.826
2025.65,187.916
2026.2,188.009
2026.75,188.102
2027.3,188.207
2027.85,188.314
2028.4,188.422
2028.95,188.528
2029.5,188.644
2030.05,188.757
2030.6,188.872
2031.15,188.989
2031.7,189.095
2032.25,189.207
2032.8,189.32
2033.35,189.439
2033.9,189.558
2034.45,189.674
2035.0,189.791
2035.55,189.911
2036.1,190.039
2036.65,190.155
2037.2,190.276
2037.75,190.4
2038.3,190.536
2038.85,190.672
2039.4,190.799
2039.95,190.936
2040.5,191.061
2041.05,191.188
2041.6,191.316
2042.15,191.44
2042.7,191.564
2043.25,191.682
2043.8,191.806
2044.35,191.917
2044.9,192.026
2045.45,192.127
2046.0,192.231
2046.55,192.332
2047.1,192.435
2047.65,192.556
2048.2,192.672
2048.75,192.795
2049.3,192.913
2049.85,193.029
2050.4,193.14
2050.95,193.264
2051.5,193.396
2052.05,193.521
2052.6,193.646
2053.15,193.77
2053.7,193.897
2054.25,194.019
2054.8,194.149
2055.35,194.269
2055.9,194.395
2056.45,194.515
2057.0,194.636
2057.55,194.754
2058.1,194.87
2058.65,194.994
2059.2,195.105
2059.75,195.213
2060.3,195.324
2060.85,195.434
2061.4,195.545
2061.95,195.642
2062.5,195.743
2063.05,195.853
2063.6,195.961
2064.15,196.068
2064.7,196.168
2065.25,196.275
2065.8,196.378
2066.35,196.483
2066.9,196.579
2067.45,196.686
2068.0,196.792
2068.55,196.893
2069.1,196.993
2069.65,197.092
2070.2,197.189
2070.75,197.282
2071.3,197.377
2071.85,197.474
2072.4,197.569
2072.95,197.656
2073.5,197.745
2074.05,197.838
2074.6,197.929
2075.15,198.019
2075.7,198.108
2076.25,198.193
2076.8,198.282
2077.35,198.376
2077.9,198.465
2078.45,198.554
2079.0,198.636
2079.55,198.715
2080.1,198.8
2080.65,198.891
2081.2,198.979
2081.75,199.065
2082.3,199.151
2082.85,199.238
2083.4,199.323
2083.95,199.41
2084.5,199.497
2085.05,199.583
2085.6,199.673
2086.15,199.762
2086.7,199.843
2087.25,199.926
2087.8,200.01
2088.35,200.096
2088.9,200.179
2089.45,200.268
2090.0,200.358
2090.55,200.448
2091.1,200.537
2091.65,200.624
2092.2,200.708
2092.75,200.795
2093.3,200.881
2093.85,200.969
2094.4,201.056
2094.95,201.138
2095.5,201.233
2096.05,201.324
2096.6,201.409
2097.15,201.493
2097.7,201.577
2098.25,201.667
2098.8,201.76
2099.35,201.854
2099.9,201.95
2100.45,202.045
2101.0,202.147
2101.55,202.249
2102.1,202.35
2102.65,202.447
2103.2,202.549
2103.75,202.656
2104.3,202.762
2104.85,202.864
2105.4,202.975
2105.95,203.089
2106.5,203.201
2107.05,203.31
2107.6,203.426
2108.15,203.534
2108.7,203.647
2109.25,203.761
2109.8,203.871
2110.35,203.98
2110.9,204.097
2111.45,204.211
2112.0,204.319
2112.55,204.428
2113.1,204.537
2113.65,204.637
2114.2,204.743
2114.75,204.854
2115.3,204.961
2115.85,205.061
2116.4,205.164
2116.95,205.264
2117.5,205.365
2118.05,205.465
2118.6,205.562
2119.15,205.665
2119.7,205.764
2120.25,205.862
2120.8,205.963
2121.35,206.065
2121.9,206.166
2122.45,206.266
2123.0,206.364
2123.55,206.458
2124.1,206.552
2124.65,206.649
2125.2,206.749
2125.75,206.845
2126.3,206.949
2126.85,207.048
2127.4,207.144
2127.95,207.242
2128.5,207.341
2129.05,207.441
2129.6,207.537
2130.15,207.634
2130.7,207.724
2131.25,207.815
2131.8,207.908
2132.35,208.004
2132.9,208.097
2133.45,208.19
2134.0,208.281
2134.55,208.376
2135.1,208.471
2135.65,208.566
2136.2,208.655
2136.75,208.743
2137.3,208.834
2137.85,208.926
2138.4,209.013
2138.95,209.1
2139.5,209.192
2140.05,209.28
2140.6,209.374
2141.15,209.464
2141.7,209.55
2142.25,209.642
2142.8,209.728
2143.35,209.818
2143.9,209.904
2144.45,209.991
2145.0,210.076
2145.55,210.157
2146.1,210.234
2146.65,210.319
2147.2,210.404
2147.75,210.488
2148.3,210.572
2148.85,210.658
2149.4,210.746
2149.95,210.838
2150.5,210.927
2151.05,211.01
2151.6,211.092
2152.15,211.18
2152.7,211.27
2153.25,211.354
2153.8,211.438
2154.35,211.527
2154.9,211.616
2155.45,211.701
2156.0,211.786
2156.55,211.878
2157.1,211.967
2157.65,212.055
2158.2,212.143
2158.75,212.229
2159.3,212.324
2159.85,212.415
2160.4,212.509
2160.95,212.603
2161.5,212.692
2162.05,212.779
2162.6,212.868
2163.15,212.957
2163.7,213.048
2164.25,213.136
2164.8,213.223
2165.35,213.314
2165.9,213.403
2166.45,213.491
2167.0,213.583
2167.55,213.678
2168.1,213.775
2168.65,213.864
2169.2,213.949
2169.75,214.036
2170.3,214.127
2170.85,214.219
2171.4,214.308
2171.95,214.401
2172.5,214.491
2173.05,214.58
2173.6,214.667
2174.15,214.756
2174.7,214.843
2175.25,214.924
2175.8,215.011
2176.35,215.093
2176.9,215.176
2177.45,215.258
2178.0,215.342
2178.55,215.428
2179.1,215.514
2179.65,215.599
2180.2,215.687
2180.75,215.776
2181.3,215.866
2181.85,215.956
2182.4,216.049
2182.95,216.142
2183.5,216.238
2184.05,216.338
2184.6,216.434
2185.15,216.531
2185.7,216.627
2186.25,216.725
2186.8,216.828
2187.35,216.93
2187.9,217.038
2188.45,217.147
2189.0,217.255
2189.55,217.367
2190.1,217.475
2190.65,217.58
2191.2,217.696
2191.75,217.812
2192.3,217.927
2192.85,218.038
2193.4,218.163
2193.95,218.292
2194.5,218.412
2195.05,218.534
2195.6,218.66
2196.15,218.782
2196.7,218.904
2197.25,219.022
2197.8,219.14
2198.35,219.27
2198.9,219.394
2199.45,219.515
2200.0,219.637
2200.55,219.771
2201.1,219.904
2201.65,220.04
2202.2,220.17
2202.75,220.306
2203.3,220.444
2203.85,220.589
2204.4,220.73
2204.95,220.875
2205.5,221.019
2206.05,221.166
2206.6,221.319
2207.15,221.469
2207.7,221.639
2208.25,221.809
2208.8,221.963
2209.35,222.113
2209.9,222.276
2210.45,222.441
2211.0,222.609
2211.55,222.777
2212.1,222.947
2212.65,223.119
2213.2,223.287
2213.75,223.46
2214.3,223.627
2214.85,223.804
2215.4,223.977
2215.95,224.155
2216.5,224.325
2217.05,224.501
2217.6,224.669
2218.15,224.838
2218.7,225.003
2219.25,225.165
2219.8,225.331
2220.35,225.499
2220.9,225.649
2221.45,225.799
2222.0,225.944
2222.55,226.085
2223.1,226.215
2223.65,226.342
2224.2,226.489
2224.75,226.628
2225.3,226.774
2225.85,226.918
2226.4,227.06
2226.95,227.211
2227.5,227.363
2228.05,227.526
2228.6,227.692
2229.15,227.862
2229.7,228.026
2230.25,228.199
2230.8,228.38
2231.35,228.56
2231.9,228.743
2232.45,228.923
2233.0,229.102
2233.55,229.272
2234.1,229.438
2234.65,229.585
2235.2,229.736
2235.75,229.872
2236.3,230.032
2236.85,230.189
2237.4,230.347
2237.95,230.522
2238.5,230.698
2239.05,230.872
2239.6,231.047
2240.15,231.22
2240.7,231.388
2241.25,231.552
2241.8,231.714
2242.35,231.874
2242.9,232.026
2243.45,232.182
2244.0,232.328
2244.55,232.483
2245.1,232.636
2245.65,232.791
2246.2,232.945
2246.75,233.097
2247.3,233.251
2247.85,233.401
2248.4,233.551
2248.95,233.691
2249.5,233.831
2250.05,233.971
2250.6,234.109
2251.15,234.247
2251.7,234.388
2252.25,234.528
2252.8,234.668
2253.35,234.805
2253.9,234.942
2254.45,235.065
2255.0,235.193
2255.55,235.316
2256.1,235.439
2256.65,235.563
2257.2,235.685
2257.75,235.814
2258.3,235.94
2258.85,236.061
2259.4,236.178
2259.95,236.29
2260.5,236.409
2261.05,236.525
2261.6,236.642
2262.15,236.752
2262.7,236.868
2263.25,236.981
2263.8,237.098
2264.35,237.217
2264.9,237.332
2265.45,237.445
2266.0,237.556
2266.55,237.673
2267.1,237.79
2267.65,237.904
2268.2,238.013
2268.75,238.122
2269.3,238.235
2269.85,238.352
2270.4,238.463
2270.95,238.574
2271.5,238.685
2272.05,238.789
2272.6,238.896
2273.15,239.0
2273.7,239.111
2274.25,239.225
2274.8,239.328
2275.35,239.439
2275.9,239.553
2276.45,239.663
2277.0,239.769
2277.55,239.866
2278.1,239.961
2278.65,240.061
2279.2,240.163
2279.75,240.262
2280.3,240.36
2280.85,240.457
2281.4,240.555
2281.95,240.655
2282.5,240.752
2283.05,240.844
2283.6,240.937
2284.15,241.031
2284.7,241.12
2285.25,241.207
2285.8,241.293
2286.35,241.378
2286.9,241.461
2287.45,241.547
2288.0,241.628
2288.55,241.711
2289.1,241.787
2289.65,241.858
2290.2,241.928
2290.75,241.999
2291.3,242.072
2291.85,242.141
2292.4,242.214
2292.95,242.286
2293.5,242.355
2294.05,242.425
2294.6,242.496
2295.15,242.568
2295.7,242.642
2296.25,242.715
2296.8,242.789
2297.35,242.867
2297.9,242.94
2298.45,243.014
2299.0,243.09
2299.55,243.169
2300.1,243.25
2300.65,243.333
2301.2,243.414
2301.75,243.495
2302.3,243.574
2302.85,243.653
2303.4,243.735
2303.95,243.821
2304.5,243.909
2305.05,243.999
2305.6,244.089
2306.15,244.187
2306.7,244.289
2307.25,244.398
2307.8,244.505
2308.35,244.609
2308.9,244.718
2309.45,244.828
2310.0,244.944
2310.55,245.059
2311.1,245.177
2311.65,245.298
2312.2,245.42
2312.75,245.552
2313.3,245.677
2313.85,245.808
2314.4,245.948
2314.95,246.082
2315.5,246.225
2316.05,246.375
2316.6,246.528
2317.15,246.688
2317.7,246.862
2318.25,247.031
2318.8,247.198
2319.35,247.366
2319.9,247.522
2320.45,247.677
2321.0,247.832
2321.55,247.992
2322.1,248.142
2322.65,248.293
2323.2,248.443
2323.75,248.602
2324.3,248.755
2324.85,248.911
2325.4,249.075
2325.95,249.235
2326.5,249.396
2327.05,249.566
2327.6,249.736
2328.15,249.915
2328.7,250.092
2329.25,250.278
2329.8,250.456
2330.35,250.637
2330.9,250.822
2331.45,251.002
2332.0,251.182
2332.55,251.358
2333.1,251.534
2333.65,251.719
2334.2,251.915
2334.75,252.115
2335.3,252.31
2335.85,252.503
2336.4,252.699
2336.95,252.883
2337.5,253.079
2338.05,253.269
2338.6,253.468
2339.15,253.665
2339.7,253.852
2340.25,254.035
2340.8,254.217
2341.35,254.395
2341.9,254.586
2342.45,254.781
2343.0,254.969
2343.55,255.152
2344.1,255.341
2344.65,255.531
2345.2,255.719
2345.75,255.917
2346.3,256.11
2346.85,256.298
2347.4,256.48
2347.95,256.658
2348.5,256.833
2349.05,257.02
2349.6,257.199
2350.15,257.375
2350.7,257.568
2351.25,257.75
2351.8,257.926
2352.35,258.105
2352.9,258.278
2353.45,258.448
2354.0,258.61
2354.55,258.781
2355.1,258.965
2355.65,259.145
2356.2,259.331
2356.75,259.532
2357.3,259.716
2357.85,259.898
2358.4,260.085
2358.95,260.281
2359.5,260.483
2360.05,260.679
2360.6,260.874
2361.15,261.049
2361.7,261.231
2362.25,261.411
2362.8,261.597
2363.35,261.792
2363.9,261.995
2364.45,262.19
2365.0,262.376
2365.55,262.565
2366.1,262.758
2366.65,262.939
2367.2,263.134
2367.75,263.315
2368.3,263.483
2368.85,263.649
2369.4,263.817
2369.95,263.994
2370.5,264.168
2371.05,264.345
2371.6,264.531
2372.15,264.712
2372.7,264.889
2373.25,265.077
2373.8,265.266
2374.35,265.457
2374.9,265.643
2375.45,265.834
2376.0,266.036
2376.55,266.24
2377.1,266.459
2377.65,266.675
2378.2,266.88
2378.75,267.077
2379.3,267.285
2379.85,267.5
2380.4,267.718
2380.95,267.939
2381.5,268.147
2382.05,268.359
2382.6,268.571
2383.15,268.785
2383.7,269.0
2384.25,269.222
2384.8,269.439
2385.35,269.663
2385.9,269.891
2386.45,270.107
2387.0,270.337
2387.55,270.553
2388.1,270.768
2388.65,270.994
2389.2,271.232
2389.75,271.463
2390.3,271.693
2390.85,271.928
2391.4,272.164
2391.95,272.397
2392.5,272.635
2393.05,272.866
2393.6,273.102
2394.15,273.338
2394.7,273.569
2395.25,273.803
2395.8,274.035
2396.35,274.268
2396.9,274.501
2397.45,274.724
2398.0,274.955
2398.55,275.179
2399.1,275.41
2399.65,275.644
2400.2,275.861
2400.75,276.073
2401.3,276.289
2401.85,276.514
2402.4,276.748
2402.95,276.971
2403.5,277.205
2404.05,277.448
2404.6,277.668
2405.15,277.879
2405.7,278.089
2406.25,278.31
2406.8,278.535
2407.35,278.778
2407.9,278.993
2408.45,279.212
2409.0,279.44
2409.55,279.66
2410.1,279.878
2410.65,280.083
2411.2,280.278
2411.75,280.467
2412.3,280.639
2412.85,280.831
2413.4,281.032
2413.95,281.222
2414.5,281.419
2415.05,281.633
2415.6,281.841
2416.15,282.033
2416.7,282.228
2417.25,282.423
2417.8,282.612
2418.35,282.804
2418.9,282.99
2419.45,283.178
2420.0,283.36
2420.55,283.543
2421.1,283.723
2421.65,283.902
2422.2,284.088
2422.75,284.271
2423.3,284.45
2423.85,284.628
2424.4,284.809
2424.95,284.989
2425.5,285.168
2426.05,285.361
2426.6,285.535
2427.15,285.713
2427.7,285.89
2428.25,286.07
2428.8,286.241
2429.35,286.413
2429.9,286.58
2430.45,286.75
2431.0,286.927
2431.55,287.094
2432.1,287.268
2432.65,287.444
2433.2,287.613
2433.75,287.781
2434.3,287.948
2434.85,288.111
2435.4,288.267
2435.95,288.426
2436.5,288.596
2437.05,288.767
2437.6,288.928
2438.15,289.102
2438.7,289.264
2439.25,289.432
2439.8,289.599
2440.35,289.762
2440.9,289.918
2441.45,290.067
2442.0,290.22
2442.55,290.374
2443.1,290.534
2443.65,290.698
2444.2,290.857
2444.75,291.018
2445.3,291.181
2445.85,291.358
2446.4,291.541
2446.95,291.727
2447.5,291.906
2448.05,292.09
2448.6,292.283
2449.15,292.485
2449.7,292.68
2450.25,292.879
2450.8,293.073
2451.35,293.281
2451.9,293.486
2452.45,293.711
2453.0,293.933
2453.55,294.146
2454.1,294.346
2454.65,294.568
2455.2,294.792
2455.75,295.018
2456.3,295.243
2456.85,295.454
2457.4,295.67
2457.95,295.876
2458.5,296.072
2459.05,296.249
2459.6,296.436
2460.15,296.63
2460.7,296.831
2461.25,297.04
2461.8,297.258
2462.35,297.48
2462.9,297.695
2463.45,297.896
2464.0,298.128
2464.55,298.356
2465.1,298.576
2465.65,298.79
2466.2,299.001
2466.75,299.209
2467.3,299.415
2467.85,299.626
2468.4,299.836
2468.95,300.035
2469.5,300.232
2470.05,300.424
2470.6,300.609
2471.15,300.808
2471.7,301.015
2472.25,301.227
2472.8,301.451
2473.35,301.668
2473.9,301.891
2474.45,302.116
2475.0,302.339
2475.55,302.542
2476.1,302.751
2476.65,302.963
2477.2,303.17
2477.75,303.369
2478.3,303.562
2478.85,303.763
2479.4,303.954
2479.95,304.148
2480.5,304.329
2481.05,304.524
2481.6,304.716
2482.15,304.906
2482.7,305.1
2483.25,305.284
2483.8,305.456
2484.35,305.633
2484.9,305.817
2485.45,306.014
2486.0,306.211
2486.55,306.41
2487.1,306.604
2487.65,306.807
2488.2,307.031
2488.75,307.269
2489.3,307.491
2489.85,307.72
2490.4,307.945
2490.95,308.167
2491.5,308.382
2492.05,308.588
2492.6,308.805
2493.15,309.017
2493.7,309.223
2494.25,309.434
2494.8,309.649
2495.35,309.873
2495.9,310.082
2496.45,310.297
2497.0,310.506
2497.55,310.725
2498.1,310.931
2498.65,311.133
2499.2,311.337
2499.75,311.542
2500.3,311.755
2500.85,311.954
2501.4,312.16
2501.95,312.356
2502.5,312.558
2503.05,312.765
2503.6,312.956
2504.15,313.146
2504.7,313.342
2505.25,313.523
2505.8,313.71
2506.35,313.883
2506.9,314.07
2507.45,314.252
2508.0,314.43
2508.55,314.616
2509.1,314.796
2509.65,314.968
2510.2,315.136
2510.75,315.322
2511.3,315.512
2511.85,315.679
2512.4,315.849
2512.95,316.011
2513.5,316.166
2514.05,316.317
2514.6,316.488
2515.15,316.666
2515.7,316.844
2516.25,317.025
2516.8,317.209
2517.35,317.398
2517.9,317.586
2518.45,317.777
2519.0,317.964
2519.55,318.156
2520.1,318.359
2520.65,318.568
2521.2,318.794
2521.75,319.006
2522.3,319.216
2522.85,319.426
2523.4,319.637
2523.95,319.848
2524.5,320.053
2525.05,320.254
2525.6,320.462
2526.15,320.657
2526.7,320.846
2527.25,321.033
2527.8,321.222
2528.35,321.396
2528.9,321.581
2529.45,321.76
2530.0,321.939
2530.55,322.115
2531.1,322.287
2531.65,322.458
2532.2,322.621
2532.75,322.787
2533.3,322.958
2533.85,323.119
2534.4,323.279
2534.95,323.437
2535.5,323.592
2536.05,323.755
2536.6,323.907
2537.15,324.063
2537.7,324.212
2538.25,324.356
2538.8,324.5
2539.35,324.648
2539.9,324.8
2540.45,324.948
2541.0,325.096
2541.55,325.242
2542.1,325.385
2542.65,325.529
2543.2,325.668
2543.75,325.802
2544.3,325.938
2544.85,326.067
2545.4,326.203
2545.95,326.341
2546.5,326.48
2547.05,326.617
2547.6,326.75
2548.15,326.887
2548.7,327.025
2549.25,327.161
2549.8,327.298
2550.35,327.432
2550.9,327.56
2551.45,327.685
2552.0,327.818
2552.55,327.949
2553.1,328.083
2553.65,328.217
2554.2,328.351
2554.75,328.477
2555.3,328.604
2555.85,328.733
2556.4,328.864
2556.95,329.001
2557.5,329.141
2558.05,329.275
2558.6,329.415
2559.15,329.551
2559.7,329.684
2560.25,329.82
2560.8,329.952
2561.35,330.083
2561.9,330.213
2562.45,330.343
2563.0,330.482
2563.55,330.616
2564.1,330.753
2564.65,330.89
2565.2,331.036
2565.75,331.179
2566.3,331.322
2566.85,331.461
2567.4,331.599
2567.95,331.725
2568.5,331.849
2569.05,331.979
2569.6,332.097
2570.15,332.217
2570.7,332.33
2571.25,332.442
2571.8,332.549
2572.35,332.653
2572.9,332.762
2573.45,332.872
2574.0,332.976
2574.55,333.079
2575.1,333.179
2575.65,333.277
2576.2,333.379
2576.75,333.485
2577.3,333.59
2577.85,333.697
2578.4,333.803
2578.95,333.902
2579.5,334.0
2580.05,334.103
2580.6,334.207
2581.15,334.316
2581.7,334.422
2582.25,334.528
2582.8,334.642
2583.35,334.763
2583.9,334.88
2584.45,335.0
2585.0,335.12
2585.55,335.25
2586.1,335.376
2586.65,335.514
2587.2,335.655
2587.75,335.798
2588.3,335.947
2588.85,336.098
2589.4,336.26
2589.95,336.426
2590.5,336.591
2591.05,336.762
2591.6,336.937
2592.15,337.117
2592.7,337.296
2593.25,337.478
2593.8,337.667
2594.35,337.864
2594.9,338.064
2595.45,338.274
2596.0,338.492
2596.55,338.724
2597.1,338.953
2597.65,339.19
2598.2,339.435
2598.75,339.69
2599.3,339.949
2599.85,340.22
2600.4,340.5
2600.95,340.798
2601.5,341.121
2602.05,341.454
2602.6,341.774
2603.15,342.103
2603.7,342.448
2604.25,342.761
2604.8,343.098
2605.35,343.404
2605.9,343.728
2606.45,344.041
2607.0,344.368
2607.55,344.688
2608.1,345.001
2608.65,345.317
2609.2,345.623
2609.75,345.934
2610.3,346.257
2610.85,346.557
2611.4,346.868
2611.95,347.181
2612.5,347.466
2613.05,347.769
2613.6,348.09
2614.15,348.408
2614.7,348.707
2615.25,348.969
2615.8,349.26
2616.35,349.54
2616.9,349.821
2617.45,350.106
2618.0,350.41
2618.55,350.702
2619.1,351.0
2619.65,351.3
2620.2,351.6
2620.75,351.895
2621.3,352.195
2621.85,352.494
2622.4,352.794
2622.95,353.09
2623.5,353.379
2624.05,353.67
2624.6,353.958
2625.15,354.272
2625.7,354.6
2626.25,354.935
2626.8,355.274
2627.35,355.609
2627.9,355.944
2628.45,356.268
2629.0,356.594
2629.55,356.927
2630.1,357.259
2630.65,357.598
2631.2,357.935
2631.75,358.282
2632.3,358.614
2632.85,358.947
2633.4,359.281
2633.95,359.599
2634.5,359.931
2635.05,360.248
2635.6,360.585
2636.15,360.892
2636.7,361.223
2637.25,361.534
2637.8,361.835
2638.35,362.15
2638.9,362.473
2639.45,362.766
2640.0,363.06
2640.55,363.354
2641.1,363.66
2641.65,363.958
2642.2,364.264
2642.75,364.592
2643.3,364.919
2643.85,365.224
2644.4,365.526
2644.95,365.836
2645.5,366.147
2646.05,366.456
2646.6,366.774
2647.15,367.084
2647.7,367.388
2648.25,367.688
2648.8,367.993
2649.35,368.303
2649.9,368.64
2650.45,368.963
2651.0,369.275
2651.55,369.586
2652.1,369.881
2652.65,370.184
2653.2,370.488
2653.75,370.768
2654.3,371.057
2654.85,371.345
2655.4,371.633
2655.95,371.921
2656.5,372.202
2657.05,372.472
2657.6,372.725
2658.15,372.989
2658.7,373.266
2659.25,373.551
2659.8,373.845
2660.35,374.151
2660.9,374.489
2661.45,374.825
2662.0,375.158
2662.55,375.486
2663.1,375.809
2663.65,376.132
2664.2,376.45
2664.75,376.753
2665.3,377.062
2665.85,377.364
2666.4,377.67
2666.95,377.965
2667.5,378.283
2668.05,378.588
2668.6,378.883
2669.15,379.174
2669.7,379.465
2670.25,379.748
2670.8,380.019
2671.35,380.291
2671.9,380.571
2672.45,380.846
2673.0,381.118
2673.55,381.38
2674.1,381.644
2674.65,381.912
2675.2,382.178
2675.75,382.468
2676.3,382.754
2676.85,383.036
2677.4,383.342
2677.95,383.645
2678.5,383.956
2679.05,384.256
2679.6,384.549
2680.15,384.839
2680.7,385.107
2681.25,385.389
2681.8,385.673
2682.35,385.943
2682.9,386.207
2683.45,386.469
2684.0,386.716
2684.55,386.977
2685.1,387.253
2685.65,387.537
2686.2,387.839
2686.75,388.144
2687.3,388.467
2687.85,388.788
2688.4,389.137
2688.95,389.481
2689.5,389.805
2690.05,390.135
2690.6,390.448
2691.15,390.743
2691.7,391.04
2692.25,391.345
2692.8,391.644
2693.35,391.942
2693.9,392.231
2694.45,392.515
2695.0,392.79
2695.55,393.057
2696.1,393.325
2696.65,393.58
2697.2,393.832
2697.75,394.079
2698.3,394.328
2698.85,394.568
2699.4,394.815
2699.95,395.057
2700.5,395.281
2701.05,395.501
2701.6,395.737
2702.15,395.965
2702.7,396.192
2703.25,396.413
2703.8,396.635
2704.35,396.846
2704.9,397.058
2705.45,397.267
2706.0,397.477
2706.55,397.677
2707.1,397.885
2707.65,398.095
2708.2,398.319
2708.75,398.537
2709.3,398.735
2709.85,398.935
2710.4,399.131
2710.95,399.34
2711.5,399.543
2712.05,399.746
2712.6,399.946
2713.15,400.143
2713.7,400.332
2714.25,400.514
2714.8,400.704
2715.35,400.901
2715.9,401.094
2716.45,401.276
2717.0,401.46
2717.55,401.644
2718.1,401.83
2718.65,402.015
2719.2,402.192
2719.75,402.38
2720.3,402.563
2720.85,402.741
2721.4,402.917
2721.95,403.088
2722.5,403.267
2723.05,403.444
2723.6,403.624
2724.15,403.803
2724.7,403.984
2725.25,404.171
2725.8,404.348
2726.35,404.529
2726.9,404.714
2727.45,404.9
2728.0,405.08
2728.55,405.264
2729.1,405.441
2729.65,405.617
2730.2,405.79
2730.75,405.962
2731.3,406.142
2731.85,406.33
2732.4,406.508
2732.95,406.69
2733.5,406.86
2734.05,407.031
2734.6,407.215
2735.15,407.384
2735.7,407.567
2736.25,407.746
2736.8,407.922
2737.35,408.105
2737.9,408.292
2738.45,408.483
2739.0,408.669
2739.55,408.849
2740.1,409.028
2740.65,409.217
2741.2,409.402
2741.75,409.588
2742.3,409.781
2742.85,409.98
2743.4,410.174
2743.95,410.374
2744.5,410.577
2745.05,410.778
2745.6,410.986
2746.15,411.194
2746.7,411.402
2747.25,411.605
2747.8,411.817
2748.35,412.046
2748.9,412.277
2749.45,412.507
2750.0,412.739
2750.55,412.977
2751.1,413.198
2751.65,413.432
2752.2,413.669
2752.75,413.902
2753.3,414.139
2753.85,414.392
2754.4,414.639
2754.95,414.882
2755.5,415.132
2756.05,415.384
2756.6,415.626
2757.15,415.875
2757.7,416.125
2758.25,416.38
2758.8,416.624
2759.35,416.874
2759.9,417.118
2760.45,417.358
2761.0,417.608
2761.55,417.86
2762.1,418.106
2762.65,418.364
2763.2,418.624
2763.75,418.889
2764.3,419.133
2764.85,419.398
2765.4,419.666
2765.95,419.929
2766.5,420.203
2767.05,420.474
2767.6,420.741
2768.15,421.013
2768.7,421.29
2769.25,421.582
2769.8,421.871
2770.35,422.171
2770.9,422.475
2771.45,422.768
2772.0,423.056
2772.55,423.359
2773.1,423.669
2773.65,423.963
2774.2,424.263
2774.75,424.536
2775.3,424.784
2775.85,425.027
2776.4,425.277
2776.95,425.537
2777.5,425.813
2778.05,426.09
2778.6,426.39
2779.15,426.715
2779.7,427.02
2780.25,427.343
2780.8,427.684
2781.35,428.065
2781.9,428.444
2782.45,428.868
2783.0,429.259
2783.55,429.718
2784.1,430.187
2784.65,430.693
2785.2,431.226
2785.75,431.767
2786.3,432.326
2786.85,432.87
2787.4,433.425
2787.95,433.969
2788.5,434.472
2789.05,435.023
2789.6,435.592
2790.15,436.141
2790.7,436.726
2791.25,437.267
2791.8,437.827
2792.35,438.423
2792.9,439.039
2793.45,439.625
2794.0,440.206
2794.55,440.798
2795.1,441.388
2795.65,441.954
2796.2,442.535
2796.75,443.12
2797.3,443.682
2797.85,444.216
2798.4,444.785
2798.95,445.342
2799.5,445.9
2800.05,446.471
2800.6,447.034
2801.15,447.536
2801.7,448.047
2802.25,448.573
2802.8,449.151
2803.35,449.719
2803.9,450.288
2804.45,450.881
2805.0,451.492
2805.55,452.042
2806.1,452.613
2806.65,453.229
2807.2,453.816
2807.75,454.4
2808.3,454.969
2808.85,455.55
2809.4,456.156
2809.95,456.813
2810.5,457.519
2811.05,458.216
2811.6,458.942
2812.15,459.652
2812.7,460.344
2813.25,461.031
2813.8,461.713
2814.35,462.35
2814.9,462.97
2815.45,463.62
2816.0,464.257
2816.55,464.951
2817.1,465.657
2817.65,466.367
2818.2,467.058
2818.75,467.74
2819.3,468.461
2819.85,469.115
2820.4,469.706
2820.95,470.337
2821.5,470.916
2822.05,471.435
2822.6,471.934
2823.15,472.392
2823.7,472.88
2824.25,473.409
2824.8,473.97
2825.35,474.576
2825.9,475.16
2826.45,475.696
2827.0,476.2
2827.55,476.679
2828.1,477.138
2828.65,477.586
2829.2,478.062
2829.75,478.562
2830.3,479.099
2830.85,479.623
2831.4,480.119
2831.95,480.605
2832.5,481.081
2833.05,481.571
2833.6,482.035
2834.15,482.489
2834.7,482.928
2835.25,483.371
2835.8,483.798
2836.35,484.225
2836.9,484.635
2837.45,485.051
2838.0,485.462
2838.55,485.87
2839.1,486.279
2839.65,486.679
2840.2,487.062
2840.75,487.444
2841.3,487.817
2841.85,488.185
2842.4,488.555
2842.95,488.889
2843.5,489.256
2844.05,489.62
2844.6,489.978
2845.15,490.338
2845.7,490.701
2846.25,491.076
2846.8,491.456
2847.35,491.845
2847.9,492.234
2848.45,492.628
2849.0,493.022
2849.55,493.416
2850.1,493.802
2850.65,494.208
2851.2,494.6
2851.75,495.001
2852.3,495.401
2852.85,495.8
2853.4,496.19
2853.95,496.584
2854.5,496.978
2855.05,497.376
2855.6,497.762
2856.15,498.157
2856.7,498.545
2857.25,498.934
2857.8,499.316
2858.35,499.694
2858.9,500.09
2859.45,500.482
2860.0,500.875
2860.55,501.269
2861.1,501.663
2861.65,502.067
2862.2,502.446
2862.75,502.832
2863.3,503.217
2863.85,503.596
2864.4,503.968
2864.95,504.346
2865.5,504.708
2866.05,505.08
2866.6,505.474
2867.15,505.875
2867.7,506.271
2868.25,506.654
2868.8,507.027
2869.35,507.396
2869.9,507.758
2870.45,508.12
2871.0,508.493
2871.55,508.902
2872.1,509.308
2872.65,509.704
2873.2,510.1
2873.75,510.487
2874.3,510.876
2874.85,511.267
2875.4,511.658
2875.95,512.049
2876.5,512.432
2877.05,512.809
2877.6,513.185
2878.15,513.563
2878.7,513.933
2879.25,514.282
2879.8,514.633
2880.35,514.989
2880.9,515.343
2881.45,515.681
2882.0,516.006
2882.55,516.329
2883.1,516.666
2883.65,516.998
2884.2,517.329
2884.75,517.637
2885.3,517.96
2885.85,518.267
2886.4,518.578
2886.95,518.885
2887.5,519.193
2888.05,519.495
2888.6,519.804
2889.15,520.111
2889.7,520.416
2890.25,520.726
2890.8,521.027
2891.35,521.353
2891.9,521.664
2892.45,521.978
2893.0,522.29
2893.55,522.61
2894.1,522.969
2894.65,523.321
2895.2,523.675
2895.75,524.022
2896.3,524.375
2896.85,524.728
2897.4,525.099
2897.95,525.452
2898.5,525.808
2899.05,526.184
2899.6,526.559
2900.15,526.935
2900.7,527.299
2901.25,527.683
2901.8,528.056
2902.35,528.422
2902.9,528.783
2903.45,529.157
2904.0,529.534
2904.55,529.939
2905.1,530.357
2905.65,530.804
2906.2,531.284
2906.75,531.795
2907.3,532.302
2907.85,532.841
2908.4,533.375
2908.95,533.926
2909.5,534.459
2910.05,534.994
2910.6,535.508
2911.15,536.044
2911.7,536.575
2912.25,537.113
2912.8,537.652
2913.35,538.194
2913.9,538.784
2914.45,539.391
2915.0,539.991
2915.55,540.589
2916.1,541.188
2916.65,541.788
2917.2,542.381
2917.75,542.964
2918.3,543.554
2918.85,544.149
2919.4,544.758
2919.95,545.367
2920.5,545.985
2921.05,546.604
2921.6,547.202
2922.15,547.746
2922.7,548.28
2923.25,548.818
2923.8,549.348
2924.35,549.855
2924.9,550.322
2925.45,550.761
2926.0,551.208
2926.55,551.673
2927.1,552.129
2927.65,552.607
2928.2,553.047
2928.75,553.481
2929.3,553.874
2929.85,554.25
2930.4,554.604
2930.95,554.948
2931.5,555.265
2932.05,555.563
2932.6,555.844
2933.15,556.126
2933.7,556.411
2934.25,556.719
2934.8,557.013
2935.35,557.308
2935.9,557.616
2936.45,557.911
2937.0,558.214
2937.55,558.514
2938.1,558.823
2938.65,559.133
2939.2,559.461
2939.75,559.778
2940.3,560.077
2940.85,560.352
2941.4,560.625
2941.95,560.89
2942.5,561.149
2943.05,561.404
2943.6,561.649
2944.15,561.889
2944.7,562.13
2945.25,562.357
2945.8,562.582
2946.35,562.799
2946.9,563.015
2947.45,563.225
2948.0,563.433
2948.55,563.636
2949.1,563.841
2949.65,564.039
2950.2,564.238
2950.75,564.432
2951.3,564.627
2951.85,564.815
2952.4,564.994
2952.95,565.179
2953.5,565.365
2954.05,565.554
2954.6,565.745
2955.15,565.933
2955.7,566.114
2956.25,566.298
2956.8,566.484
2957.35,566.671
2957.9,566.857
2958.45,567.047
2959.0,567.231
2959.55,567.42
2960.1,567.602
2960.65,567.781
2961.2,567.969
2961.75,568.161
2962.3,568.346
2962.85,568.532
2963.4,568.716
2963.95,568.905
2964.5,569.093
2965.05,569.285
2965.6,569.474
2966.15,569.656
2966.7,569.845
2967.25,570.034
2967.8,570.228
2968.35,570.419
2968.9,570.612
2969.45,570.807
2970.0,571.001
2970.55,571.194
2971.1,571.39
2971.65,571.585
2972.2,571.78
2972.75,571.977
2973.3,572.178
2973.85,572.378
2974.4,572.583
2974.95,572.79
2975.5,572.991
2976.05,573.193
2976.6,573.392
2977.15,573.608
2977.7,573.814
2978.25,574.016
2978.8,574.217
2979.35,574.428
2979.9,574.631
2980.45,574.837
2981.0,575.04
2981.55,575.244
2982.1,575.452
2982.65,575.654
2983.2,575.861
2983.75,576.076
2984.3,576.297
2984.85,576.523
2985.4,576.749
2985.95,576.981
2986.5,577.214
2987.05,577.447
2987.6,577.684
2988.15,577.932
2988.7,578.166
2989.25,578.402
2989.8,578.645
2990.35,578.883
2990.9,579.114
2991.45,579.352
2992.0,579.592
2992.55,579.836
2993.1,580.084
2993.65,580.335
2994.2,580.598
2994.75,580.878
2995.3,581.193
2995.85,581.507
2996.4,581.846
2996.95,582.213
2997.5,582.592
2998.05,582.999
2998.6,583.449
2999.15,583.928
2999.7,584.446
3000.25,584.984
3000.8,585.485
3001.35,585.99
3001.9,586.521
3002.45,587.034
3003.0,587.62
3003.55,588.205
3004.1,588.778
3004.65,589.314
3005.2,589.83
3005.75,590.337
3006.3,590.816
3006.85,591.301
3007.4,591.862
3007.95,592.474
3008.5,593.083
3009.05,593.666
3009.6,594.256
3010.15,594.821
3010.7,595.401
3011.25,595.959
3011.8,596.546
3012.35,597.19
3012.9,597.892
3013.45,598.667
3014.0,599.4
3014.55,600.096
3015.1,600.791
3015.65,601.487
3016.2,602.124
3016.75,602.788
3017.3,603.474
3017.85,604.15
3018.4,604.834
3018.95,605.507
3019.5,606.161
3020.05,606.819
3020.6,607.474
3021.15,608.079
3021.7,608.674
3022.25,609.269
3022.8,609.854
3023.35,610.425
3023.9,610.985
3024.45,611.541
3025.0,612.13
3025.55,612.717
3026.1,613.31
3026.65,613.878
3027.2,614.466
3027.75,615.06
3028.3,615.672
3028.85,616.273
3029.4,616.895
3029.95,617.533
3030.5,618.205
3031.05,618.904
3031.6,619.576
3032.15,620.278
3032.7,620.95
3033.25,621.644
3033.8,622.342
3034.35,623.054
3034.9,623.796
3035.45,624.562
3036.0,625.316
3036.55,626.073
3037.1,626.8
3037.65,627.597
3038.2,628.49
3038.75,629.486
3039.3,630.645
3039.85,631.964
3040.4,633.312
3040.95,634.676
3041.5,635.956
3042.05,637.31
3042.6,638.664
3043.15,639.948
3043.7,641.262
3044.25,642.589
3044.8,643.907
3045.35,645.119
3045.9,646.222
3046.45,647.328
3047.0,648.431
3047.55,649.522
3048.1,650.556
3048.65,651.553
3049.2,652.589
3049.75,653.588
3050.3,654.607
3050.85,655.611
3051.4,656.55
3051.95,657.42
3052.5,658.255
3053.05,659.093
3053.6,659.97
3054.15,660.865
3054.7,661.743
3055.25,662.653
3055.8,663.513
3056.35,664.289
3056.9,665.075
3057.45,665.887
3058.0,666.722
3058.55,667.546
3059.1,668.348
3059.65,669.129
3060.2,669.852
3060.75,670.509
3061.3,671.102
3061.85,671.706
3062.4,672.29
3062.95,672.908
3063.5,673.52
3064.05,674.132
3064.6,674.722
3065.15,675.293
3065.7,675.849
3066.25,676.364
3066.8,676.871
3067.35,677.33
3067.9,677.788
3068.45,678.267
3069.0,678.78
3069.55,679.269
3070.1,679.721
3070.65,680.122
3071.2,680.542
3071.75,680.987
3072.3,681.449
3072.85,681.935
3073.4,682.433
3073.95,682.912
3074.5,683.371
3075.05,683.792
3075.6,684.198
3076.15,684.61
3076.7,685.025
3077.25,685.431
3077.8,685.823
3078.35,686.211
3078.9,686.589
3079.45,686.965
3080.0,687.342
3080.55,687.708
3081.1,688.07
3081.65,688.435
3082.2,688.786
3082.75,689.136
3083.3,689.486
3083.85,689.836
3084.4,690.193
3084.95,690.54
3085.5,690.88
3086.05,691.219
3086.6,691.562
3087.15,691.888
3087.7,692.21
3088.25,692.539
3088.8,692.871
3089.35,693.188
3089.9,693.514
3090.45,693.83
3091.0,694.129
3091.55,694.439
3092.1,694.761
3092.65,695.072
3093.2,695.392
3093.75,695.713
3094.3,696.03
3094.85,696.351
3095.4,696.673
3095.95,696.992
3096.5,697.31
3097.05,697.637
3097.6,697.97
3098.15,698.299
3098.7,698.634
3099.25,698.974
3099.8,699.317
3100.35,699.665
3100.9,700.027
3101.45,700.404
3102.0,700.784
3102.55,701.177
3103.1,701.564
3103.65,701.952
3104.2,702.339
3104.75,702.719
3105.3,703.114
3105.85,703.529
3106.4,703.956
3106.95,704.384
3107.5,704.825
3108.05,705.287
3108.6,705.77
3109.15,706.27
3109.7,706.78
3110.25,707.312
3110.8,707.87
3111.35,708.436
3111.9,709.011
3112.45,709.591
3113.0,710.178
3113.55,710.806
3114.1,711.436
3114.65,712.087
3115.2,712.743
3115.75,713.41
3116.3,714.092
3116.85,714.808
3117.4,715.479
3117.95,716.162
3118.5,716.86
3119.05,717.625
3119.6,718.378
3120.15,719.147
3120.7,720.001
3121.25,720.764
3121.8,721.643
3122.35,722.534
3122.9,723.478
3123.45,724.233
3124.0,724.982
3124.55,725.802
3125.1,726.535
3125.65,727.213
3126.2,727.948
3126.75,728.662
3127.3,729.369
3127.85,730.05
3128.4,730.709
3128.95,731.331
3129.5,731.946
3130.05,732.602
3130.6,733.241
3131.15,733.803
3131.7,734.327
3132.25,734.843
3132.8,735.336
3133.35,735.855
3133.9,736.355
3134.45,736.837
3135.0,737.354
3135.55,737.809
3136.1,738.294
3136.65,738.799
3137.2,739.277
3137.75,739.778
3138.3,740.294
3138.85,740.867
3139.4,741.465
3139.95,742.086
3140.5,742.707
3141.05,743.325
3141.6,743.934
3142.15,744.545
3142.7,745.171
3143.25,745.782
3143.8,746.375
3144.35,746.947
3144.9,747.52
3145.45,748.091
3146.0,748.642
3146.55,749.203
3147.1,749.766
3147.65,750.322
3148.2,750.878
3148.75,751.428
3149.3,751.99
3149.85,752.561
3150.4,753.139
3150.95,753.716
3151.5,754.3
3152.05,754.886
3152.6,755.475
3153.15,756.06
3153.7,756.643
3154.25,757.22
3154.8,757.758
3155.35,758.265
3155.9,758.757
3156.45,759.282
3157.0,759.838
3157.55,760.417
3158.1,761.022
3158.65,761.692
3159.2,762.387
3159.75,763.083
3160.3,763.761
3160.85,764.399
3161.4,765.016
3161.95,765.628
3162.5,766.238
3163.05,766.88
3163.6,767.558
3164.15,768.299
3164.7,769.072
3165.25,769.831
3165.8,770.559
3166.35,771.249
3166.9,771.907
3167.45,772.553
3168.0,773.239
3168.55,773.957
3169.1,774.703
3169.65,775.442
3170.2,776.159
3170.75,776.861
3171.3,777.536
3171.85,778.201
3172.4,778.873
3172.95,779.549
3173.5,780.209
3174.05,780.863
3174.6,781.519
3175.15,782.18
3175.7,782.856
3176.25,783.528
3176.8,784.173
3177.35,784.83
3177.9,785.47
3178.45,786.105
3179.0,786.706
3179.55,787.298
3180.1,787.885
3180.65,788.442
3181.2,789.019
3181.75,789.635
3182.3,790.282
3182.85,790.937
3183.4,791.618
3183.95,792.331
3184.5,793.079
3185.05,793.876
3185.6,794.708
3186.15,795.556
3186.7,796.449
3187.25,797.408
3187.8,798.443
3188.35,799.501
3188.9,800.589
3189.45,801.662
